metric,method_a,method_b,topics_total,censored_topics,status,topics_used,note,nonzero_pairs,mean_difference,bootstrap_ci_low,bootstrap_ci_high,bootstrap_resamples,analysis_seed,exact_sign_flip_p,wilcoxon_exact_p,minimum_two_sided_p
batch_effort_at_75,random,seed_similarity,5,"C12,C15,C16,C18,GCRIM",NOT_COMPUTED_CENSORED,0,No inference on a complete-case subset; censored topics listed.,,,,,,,,,
batch_effort_at_75,random,frozen_svm,5,"C12,C15,C16,C18,GCRIM",NOT_COMPUTED_CENSORED,0,No inference on a complete-case subset; censored topics listed.,,,,,,,,,
batch_effort_at_75,random,uncertainty,5,"C12,C15,C16,C18,GCRIM",NOT_COMPUTED_CENSORED,0,No inference on a complete-case subset; censored topics listed.,,,,,,,,,
batch_effort_at_75,random,auto_tar,5,"C12,C15,C16,C18,GCRIM",NOT_COMPUTED_CENSORED,0,No inference on a complete-case subset; censored topics listed.,,,,,,,,,
batch_effort_at_75,random,fixed_20,5,"C12,C15,C16,C18,GCRIM",NOT_COMPUTED_CENSORED,0,No inference on a complete-case subset; censored topics listed.,,,,,,,,,
batch_effort_at_75,random,explore_10,5,"C12,C15,C16,C18,GCRIM",NOT_COMPUTED_CENSORED,0,No inference on a complete-case subset; censored topics listed.,,,,,,,,,
batch_effort_at_75,seed_similarity,frozen_svm,5,"C12,C15,C16,C18,GCRIM",NOT_COMPUTED_CENSORED,0,No inference on a complete-case subset; censored topics listed.,,,,,,,,,
batch_effort_at_75,seed_similarity,uncertainty,5,"C12,C15,C16,C18,GCRIM",NOT_COMPUTED_CENSORED,0,No inference on a complete-case subset; censored topics listed.,,,,,,,,,
batch_effort_at_75,seed_similarity,auto_tar,5,"C12,C15,C16,C18,GCRIM",NOT_COMPUTED_CENSORED,0,No inference on a complete-case subset; censored topics listed.,,,,,,,,,
batch_effort_at_75,seed_similarity,fixed_20,5,"C12,C15,C16,C18,GCRIM",NOT_COMPUTED_CENSORED,0,No inference on a complete-case subset; censored topics listed.,,,,,,,,,
batch_effort_at_75,seed_similarity,explore_10,5,"C12,C15,C16,C18,GCRIM",NOT_COMPUTED_CENSORED,0,No inference on a complete-case subset; censored topics listed.,,,,,,,,,
batch_effort_at_75,frozen_svm,uncertainty,5,"C12,C15,C16,C18,GCRIM",NOT_COMPUTED_CENSORED,0,No inference on a complete-case subset; censored topics listed.,,,,,,,,,
batch_effort_at_75,frozen_svm,auto_tar,5,"C12,C15,C16,C18,GCRIM",NOT_COMPUTED_CENSORED,0,No inference on a complete-case subset; censored topics listed.,,,,,,,,,
batch_effort_at_75,frozen_svm,fixed_20,5,"C12,C15,C16,C18,GCRIM",NOT_COMPUTED_CENSORED,0,No inference on a complete-case subset; censored topics listed.,,,,,,,,,
batch_effort_at_75,frozen_svm,explore_10,5,"C12,C15,C16,C18,GCRIM",NOT_COMPUTED_CENSORED,0,No inference on a complete-case subset; censored topics listed.,,,,,,,,,
batch_effort_at_75,uncertainty,auto_tar,5,"C15,GCRIM",NOT_COMPUTED_CENSORED,0,No inference on a complete-case subset; censored topics listed.,,,,,,,,,
batch_effort_at_75,uncertainty,fixed_20,5,"C15,GCRIM",NOT_COMPUTED_CENSORED,0,No inference on a complete-case subset; censored topics listed.,,,,,,,,,
batch_effort_at_75,uncertainty,explore_10,5,"C15,GCRIM",NOT_COMPUTED_CENSORED,0,No inference on a complete-case subset; censored topics listed.,,,,,,,,,
batch_effort_at_75,auto_tar,fixed_20,5,,OBSERVED,5,Exploratory; five-topic bootstrap intervals are unstable; nonsignificance is not equivalence. Minimum attainable two-sided p=0.0625 exceeds 0.05 for 5 nonzero pairs.,5.0,97.6,30.6,173.8,10000.0,20260907.0,0.125,0.125,0.0625
batch_effort_at_75,auto_tar,explore_10,5,,OBSERVED,5,Exploratory; five-topic bootstrap intervals are unstable; nonsignificance is not equivalence. Minimum attainable two-sided p=0.125 exceeds 0.05 for 4 nonzero pairs.,4.0,-125.46666666666667,-250.0,-30.266666666666662,10000.0,20260907.0,0.125,0.125,0.125
batch_effort_at_75,fixed_20,explore_10,5,,OBSERVED,5,Exploratory; five-topic bootstrap intervals are unstable; nonsignificance is not equivalence. Minimum attainable two-sided p=0.0625 exceeds 0.05 for 5 nonzero pairs.,5.0,-223.06666666666666,-429.4666666666666,-66.66666666666666,10000.0,20260907.0,0.0625,0.0625,0.0625
batch_effort_at_80,random,seed_similarity,5,"C12,C15,C16,C18,GCRIM",NOT_COMPUTED_CENSORED,0,No inference on a complete-case subset; censored topics listed.,,,,,,,,,
batch_effort_at_80,random,frozen_svm,5,"C12,C15,C16,C18,GCRIM",NOT_COMPUTED_CENSORED,0,No inference on a complete-case subset; censored topics listed.,,,,,,,,,
batch_effort_at_80,random,uncertainty,5,"C12,C15,C16,C18,GCRIM",NOT_COMPUTED_CENSORED,0,No inference on a complete-case subset; censored topics listed.,,,,,,,,,
batch_effort_at_80,random,auto_tar,5,"C12,C15,C16,C18,GCRIM",NOT_COMPUTED_CENSORED,0,No inference on a complete-case subset; censored topics listed.,,,,,,,,,
batch_effort_at_80,random,fixed_20,5,"C12,C15,C16,C18,GCRIM",NOT_COMPUTED_CENSORED,0,No inference on a complete-case subset; censored topics listed.,,,,,,,,,
batch_effort_at_80,random,explore_10,5,"C12,C15,C16,C18,GCRIM",NOT_COMPUTED_CENSORED,0,No inference on a complete-case subset; censored topics listed.,,,,,,,,,
batch_effort_at_80,seed_similarity,frozen_svm,5,"C12,C15,C16,C18,GCRIM",NOT_COMPUTED_CENSORED,0,No inference on a complete-case subset; censored topics listed.,,,,,,,,,
batch_effort_at_80,seed_similarity,uncertainty,5,"C12,C15,C16,C18,GCRIM",NOT_COMPUTED_CENSORED,0,No inference on a complete-case subset; censored topics listed.,,,,,,,,,
batch_effort_at_80,seed_similarity,auto_tar,5,"C12,C15,C16,C18,GCRIM",NOT_COMPUTED_CENSORED,0,No inference on a complete-case subset; censored topics listed.,,,,,,,,,
batch_effort_at_80,seed_similarity,fixed_20,5,"C12,C15,C16,C18,GCRIM",NOT_COMPUTED_CENSORED,0,No inference on a complete-case subset; censored topics listed.,,,,,,,,,
batch_effort_at_80,seed_similarity,explore_10,5,"C12,C15,C16,C18,GCRIM",NOT_COMPUTED_CENSORED,0,No inference on a complete-case subset; censored topics listed.,,,,,,,,,
batch_effort_at_80,frozen_svm,uncertainty,5,"C12,C15,C16,C18,GCRIM",NOT_COMPUTED_CENSORED,0,No inference on a complete-case subset; censored topics listed.,,,,,,,,,
batch_effort_at_80,frozen_svm,auto_tar,5,"C12,C15,C16,C18,GCRIM",NOT_COMPUTED_CENSORED,0,No inference on a complete-case subset; censored topics listed.,,,,,,,,,
batch_effort_at_80,frozen_svm,fixed_20,5,"C12,C15,C16,C18,GCRIM",NOT_COMPUTED_CENSORED,0,No inference on a complete-case subset; censored topics listed.,,,,,,,,,
batch_effort_at_80,frozen_svm,explore_10,5,"C12,C15,C16,C18,GCRIM",NOT_COMPUTED_CENSORED,0,No inference on a complete-case subset; censored topics listed.,,,,,,,,,
batch_effort_at_80,uncertainty,auto_tar,5,"C15,GCRIM",NOT_COMPUTED_CENSORED,0,No inference on a complete-case subset; censored topics listed.,,,,,,,,,
batch_effort_at_80,uncertainty,fixed_20,5,"C15,GCRIM",NOT_COMPUTED_CENSORED,0,No inference on a complete-case subset; censored topics listed.,,,,,,,,,
batch_effort_at_80,uncertainty,explore_10,5,"C15,GCRIM",NOT_COMPUTED_CENSORED,0,No inference on a complete-case subset; censored topics listed.,,,,,,,,,
batch_effort_at_80,auto_tar,fixed_20,5,,OBSERVED,5,Exploratory; five-topic bootstrap intervals are unstable; nonsignificance is not equivalence. Minimum attainable two-sided p=0.0625 exceeds 0.05 for 5 nonzero pairs.,5.0,132.73333333333332,53.26666666666667,251.86666666666665,10000.0,20260907.0,0.0625,0.0625,0.0625
batch_effort_at_80,auto_tar,explore_10,5,,OBSERVED,5,Exploratory; five-topic bootstrap intervals are unstable; nonsignificance is not equivalence. Minimum attainable two-sided p=0.0625 exceeds 0.05 for 5 nonzero pairs.,5.0,-94.8,-157.8,-24.933333333333334,10000.0,20260907.0,0.125,0.125,0.0625
batch_effort_at_80,fixed_20,explore_10,5,,OBSERVED,5,Exploratory; five-topic bootstrap intervals are unstable; nonsignificance is not equivalence. Minimum attainable two-sided p=0.0625 exceeds 0.05 for 5 nonzero pairs.,5.0,-227.53333333333333,-376.06666666666666,-93.73333333333332,10000.0,20260907.0,0.0625,0.0625,0.0625
batch_effort_at_90,random,seed_similarity,5,"C12,C15,C16,C18,GCRIM",NOT_COMPUTED_CENSORED,0,No inference on a complete-case subset; censored topics listed.,,,,,,,,,
batch_effort_at_90,random,frozen_svm,5,"C12,C15,C16,C18,GCRIM",NOT_COMPUTED_CENSORED,0,No inference on a complete-case subset; censored topics listed.,,,,,,,,,
batch_effort_at_90,random,uncertainty,5,"C12,C15,C16,C18,GCRIM",NOT_COMPUTED_CENSORED,0,No inference on a complete-case subset; censored topics listed.,,,,,,,,,
batch_effort_at_90,random,auto_tar,5,"C12,C15,C16,C18,GCRIM",NOT_COMPUTED_CENSORED,0,No inference on a complete-case subset; censored topics listed.,,,,,,,,,
batch_effort_at_90,random,fixed_20,5,"C12,C15,C16,C18,GCRIM",NOT_COMPUTED_CENSORED,0,No inference on a complete-case subset; censored topics listed.,,,,,,,,,
batch_effort_at_90,random,explore_10,5,"C12,C15,C16,C18,GCRIM",NOT_COMPUTED_CENSORED,0,No inference on a complete-case subset; censored topics listed.,,,,,,,,,
batch_effort_at_90,seed_similarity,frozen_svm,5,"C12,C15,C16,C18,GCRIM",NOT_COMPUTED_CENSORED,0,No inference on a complete-case subset; censored topics listed.,,,,,,,,,
batch_effort_at_90,seed_similarity,uncertainty,5,"C12,C15,C16,C18,GCRIM",NOT_COMPUTED_CENSORED,0,No inference on a complete-case subset; censored topics listed.,,,,,,,,,
batch_effort_at_90,seed_similarity,auto_tar,5,"C12,C15,C16,C18,GCRIM",NOT_COMPUTED_CENSORED,0,No inference on a complete-case subset; censored topics listed.,,,,,,,,,
batch_effort_at_90,seed_similarity,fixed_20,5,"C12,C15,C16,C18,GCRIM",NOT_COMPUTED_CENSORED,0,No inference on a complete-case subset; censored topics listed.,,,,,,,,,
batch_effort_at_90,seed_similarity,explore_10,5,"C12,C15,C16,C18,GCRIM",NOT_COMPUTED_CENSORED,0,No inference on a complete-case subset; censored topics listed.,,,,,,,,,
batch_effort_at_90,frozen_svm,uncertainty,5,"C12,C15,C16,C18,GCRIM",NOT_COMPUTED_CENSORED,0,No inference on a complete-case subset; censored topics listed.,,,,,,,,,
batch_effort_at_90,frozen_svm,auto_tar,5,"C12,C15,C16,C18,GCRIM",NOT_COMPUTED_CENSORED,0,No inference on a complete-case subset; censored topics listed.,,,,,,,,,
batch_effort_at_90,frozen_svm,fixed_20,5,"C12,C15,C16,C18,GCRIM",NOT_COMPUTED_CENSORED,0,No inference on a complete-case subset; censored topics listed.,,,,,,,,,
batch_effort_at_90,frozen_svm,explore_10,5,"C12,C15,C16,C18,GCRIM",NOT_COMPUTED_CENSORED,0,No inference on a complete-case subset; censored topics listed.,,,,,,,,,
batch_effort_at_90,uncertainty,auto_tar,5,"C12,C15,C18,GCRIM",NOT_COMPUTED_CENSORED,0,No inference on a complete-case subset; censored topics listed.,,,,,,,,,
batch_effort_at_90,uncertainty,fixed_20,5,"C12,C15,C18,GCRIM",NOT_COMPUTED_CENSORED,0,No inference on a complete-case subset; censored topics listed.,,,,,,,,,
batch_effort_at_90,uncertainty,explore_10,5,"C12,C15,C16,C18,GCRIM",NOT_COMPUTED_CENSORED,0,No inference on a complete-case subset; censored topics listed.,,,,,,,,,
batch_effort_at_90,auto_tar,fixed_20,5,,OBSERVED,5,Exploratory; five-topic bootstrap intervals are unstable; nonsignificance is not equivalence. Minimum attainable two-sided p=0.0625 exceeds 0.05 for 5 nonzero pairs.,5.0,193.93333333333334,107.8,302.33333333333337,10000.0,20260907.0,0.0625,0.0625,0.0625
batch_effort_at_90,auto_tar,explore_10,5,C16,NOT_COMPUTED_CENSORED,0,No inference on a complete-case subset; censored topics listed.,,,,,,,,,
batch_effort_at_90,fixed_20,explore_10,5,C16,NOT_COMPUTED_CENSORED,0,No inference on a complete-case subset; censored topics listed.,,,,,,,,,
depth_fraction_at_75,random,seed_similarity,5,"C12,C15,C16,C18,GCRIM",NOT_COMPUTED_CENSORED,0,No inference on a complete-case subset; censored topics listed.,,,,,,,,,
depth_fraction_at_75,random,frozen_svm,5,"C12,C15,C16,C18,GCRIM",NOT_COMPUTED_CENSORED,0,No inference on a complete-case subset; censored topics listed.,,,,,,,,,
depth_fraction_at_75,random,uncertainty,5,"C12,C15,C16,C18,GCRIM",NOT_COMPUTED_CENSORED,0,No inference on a complete-case subset; censored topics listed.,,,,,,,,,
depth_fraction_at_75,random,auto_tar,5,"C12,C15,C16,C18,GCRIM",NOT_COMPUTED_CENSORED,0,No inference on a complete-case subset; censored topics listed.,,,,,,,,,
depth_fraction_at_75,random,fixed_20,5,"C12,C15,C16,C18,GCRIM",NOT_COMPUTED_CENSORED,0,No inference on a complete-case subset; censored topics listed.,,,,,,,,,
depth_fraction_at_75,random,explore_10,5,"C12,C15,C16,C18,GCRIM",NOT_COMPUTED_CENSORED,0,No inference on a complete-case subset; censored topics listed.,,,,,,,,,
depth_fraction_at_75,seed_similarity,frozen_svm,5,"C12,C15,C16,C18,GCRIM",NOT_COMPUTED_CENSORED,0,No inference on a complete-case subset; censored topics listed.,,,,,,,,,
depth_fraction_at_75,seed_similarity,uncertainty,5,"C12,C15,C16,C18,GCRIM",NOT_COMPUTED_CENSORED,0,No inference on a complete-case subset; censored topics listed.,,,,,,,,,
depth_fraction_at_75,seed_similarity,auto_tar,5,"C12,C15,C16,C18,GCRIM",NOT_COMPUTED_CENSORED,0,No inference on a complete-case subset; censored topics listed.,,,,,,,,,
depth_fraction_at_75,seed_similarity,fixed_20,5,"C12,C15,C16,C18,GCRIM",NOT_COMPUTED_CENSORED,0,No inference on a complete-case subset; censored topics listed.,,,,,,,,,
depth_fraction_at_75,seed_similarity,explore_10,5,"C12,C15,C16,C18,GCRIM",NOT_COMPUTED_CENSORED,0,No inference on a complete-case subset; censored topics listed.,,,,,,,,,
depth_fraction_at_75,frozen_svm,uncertainty,5,"C12,C15,C16,C18,GCRIM",NOT_COMPUTED_CENSORED,0,No inference on a complete-case subset; censored topics listed.,,,,,,,,,
depth_fraction_at_75,frozen_svm,auto_tar,5,"C12,C15,C16,C18,GCRIM",NOT_COMPUTED_CENSORED,0,No inference on a complete-case subset; censored topics listed.,,,,,,,,,
depth_fraction_at_75,frozen_svm,fixed_20,5,"C12,C15,C16,C18,GCRIM",NOT_COMPUTED_CENSORED,0,No inference on a complete-case subset; censored topics listed.,,,,,,,,,
depth_fraction_at_75,frozen_svm,explore_10,5,"C12,C15,C16,C18,GCRIM",NOT_COMPUTED_CENSORED,0,No inference on a complete-case subset; censored topics listed.,,,,,,,,,
depth_fraction_at_75,uncertainty,auto_tar,5,"C15,GCRIM",NOT_COMPUTED_CENSORED,0,No inference on a complete-case subset; censored topics listed.,,,,,,,,,
depth_fraction_at_75,uncertainty,fixed_20,5,"C15,GCRIM",NOT_COMPUTED_CENSORED,0,No inference on a complete-case subset; censored topics listed.,,,,,,,,,
depth_fraction_at_75,uncertainty,explore_10,5,"C15,GCRIM",NOT_COMPUTED_CENSORED,0,No inference on a complete-case subset; censored topics listed.,,,,,,,,,
depth_fraction_at_75,auto_tar,fixed_20,5,,OBSERVED,5,Exploratory; five-topic bootstrap intervals are unstable; nonsignificance is not equivalence. Minimum attainable two-sided p=0.0625 exceeds 0.05 for 5 nonzero pairs.,5.0,0.0008466888418506199,-0.0003887856926865091,0.002205998819243452,10000.0,20260907.0,0.3125,0.3125,0.0625
depth_fraction_at_75,auto_tar,explore_10,5,,OBSERVED,5,Exploratory; five-topic bootstrap intervals are unstable; nonsignificance is not equivalence. Minimum attainable two-sided p=0.0625 exceeds 0.05 for 5 nonzero pairs.,5.0,-0.004086569614238196,-0.007136377381312367,-0.0014169078577908334,10000.0,20260907.0,0.0625,0.0625,0.0625
depth_fraction_at_75,fixed_20,explore_10,5,,OBSERVED,5,Exploratory; five-topic bootstrap intervals are unstable; nonsignificance is not equivalence. Minimum attainable two-sided p=0.0625 exceeds 0.05 for 5 nonzero pairs.,5.0,-0.004933258456088816,-0.00942877302115282,-0.0014802655262286348,10000.0,20260907.0,0.125,0.125,0.0625
depth_fraction_at_80,random,seed_similarity,5,"C12,C15,C16,C18,GCRIM",NOT_COMPUTED_CENSORED,0,No inference on a complete-case subset; censored topics listed.,,,,,,,,,
depth_fraction_at_80,random,frozen_svm,5,"C12,C15,C16,C18,GCRIM",NOT_COMPUTED_CENSORED,0,No inference on a complete-case subset; censored topics listed.,,,,,,,,,
depth_fraction_at_80,random,uncertainty,5,"C12,C15,C16,C18,GCRIM",NOT_COMPUTED_CENSORED,0,No inference on a complete-case subset; censored topics listed.,,,,,,,,,
depth_fraction_at_80,random,auto_tar,5,"C12,C15,C16,C18,GCRIM",NOT_COMPUTED_CENSORED,0,No inference on a complete-case subset; censored topics listed.,,,,,,,,,
depth_fraction_at_80,random,fixed_20,5,"C12,C15,C16,C18,GCRIM",NOT_COMPUTED_CENSORED,0,No inference on a complete-case subset; censored topics listed.,,,,,,,,,
depth_fraction_at_80,random,explore_10,5,"C12,C15,C16,C18,GCRIM",NOT_COMPUTED_CENSORED,0,No inference on a complete-case subset; censored topics listed.,,,,,,,,,
depth_fraction_at_80,seed_similarity,frozen_svm,5,"C12,C15,C16,C18,GCRIM",NOT_COMPUTED_CENSORED,0,No inference on a complete-case subset; censored topics listed.,,,,,,,,,
depth_fraction_at_80,seed_similarity,uncertainty,5,"C12,C15,C16,C18,GCRIM",NOT_COMPUTED_CENSORED,0,No inference on a complete-case subset; censored topics listed.,,,,,,,,,
depth_fraction_at_80,seed_similarity,auto_tar,5,"C12,C15,C16,C18,GCRIM",NOT_COMPUTED_CENSORED,0,No inference on a complete-case subset; censored topics listed.,,,,,,,,,
depth_fraction_at_80,seed_similarity,fixed_20,5,"C12,C15,C16,C18,GCRIM",NOT_COMPUTED_CENSORED,0,No inference on a complete-case subset; censored topics listed.,,,,,,,,,
depth_fraction_at_80,seed_similarity,explore_10,5,"C12,C15,C16,C18,GCRIM",NOT_COMPUTED_CENSORED,0,No inference on a complete-case subset; censored topics listed.,,,,,,,,,
depth_fraction_at_80,frozen_svm,uncertainty,5,"C12,C15,C16,C18,GCRIM",NOT_COMPUTED_CENSORED,0,No inference on a complete-case subset; censored topics listed.,,,,,,,,,
depth_fraction_at_80,frozen_svm,auto_tar,5,"C12,C15,C16,C18,GCRIM",NOT_COMPUTED_CENSORED,0,No inference on a complete-case subset; censored topics listed.,,,,,,,,,
depth_fraction_at_80,frozen_svm,fixed_20,5,"C12,C15,C16,C18,GCRIM",NOT_COMPUTED_CENSORED,0,No inference on a complete-case subset; censored topics listed.,,,,,,,,,
depth_fraction_at_80,frozen_svm,explore_10,5,"C12,C15,C16,C18,GCRIM",NOT_COMPUTED_CENSORED,0,No inference on a complete-case subset; censored topics listed.,,,,,,,,,
depth_fraction_at_80,uncertainty,auto_tar,5,"C15,GCRIM",NOT_COMPUTED_CENSORED,0,No inference on a complete-case subset; censored topics listed.,,,,,,,,,
depth_fraction_at_80,uncertainty,fixed_20,5,"C15,GCRIM",NOT_COMPUTED_CENSORED,0,No inference on a complete-case subset; censored topics listed.,,,,,,,,,
depth_fraction_at_80,uncertainty,explore_10,5,"C15,GCRIM",NOT_COMPUTED_CENSORED,0,No inference on a complete-case subset; censored topics listed.,,,,,,,,,
depth_fraction_at_80,auto_tar,fixed_20,5,,OBSERVED,5,Exploratory; five-topic bootstrap intervals are unstable; nonsignificance is not equivalence. Minimum attainable two-sided p=0.0625 exceeds 0.05 for 5 nonzero pairs.,5.0,0.0019007300531340447,0.0006738952006566159,0.003481791870059181,10000.0,20260907.0,0.0625,0.0625,0.0625
depth_fraction_at_80,auto_tar,explore_10,5,,OBSERVED,5,Exploratory; five-topic bootstrap intervals are unstable; nonsignificance is not equivalence. Minimum attainable two-sided p=0.0625 exceeds 0.05 for 5 nonzero pairs.,5.0,-0.0036545855112531857,-0.006796549886964159,-0.0006710153066367159,10000.0,20260907.0,0.125,0.125,0.0625
depth_fraction_at_80,fixed_20,explore_10,5,,OBSERVED,5,Exploratory; five-topic bootstrap intervals are unstable; nonsignificance is not equivalence. Minimum attainable two-sided p=0.0625 exceeds 0.05 for 5 nonzero pairs.,5.0,-0.00555531556438723,-0.01026394228692384,-0.0020072861318703467,10000.0,20260907.0,0.0625,0.0625,0.0625
depth_fraction_at_90,random,seed_similarity,5,"C12,C15,C16,C18,GCRIM",NOT_COMPUTED_CENSORED,0,No inference on a complete-case subset; censored topics listed.,,,,,,,,,
depth_fraction_at_90,random,frozen_svm,5,"C12,C15,C16,C18,GCRIM",NOT_COMPUTED_CENSORED,0,No inference on a complete-case subset; censored topics listed.,,,,,,,,,
depth_fraction_at_90,random,uncertainty,5,"C12,C15,C16,C18,GCRIM",NOT_COMPUTED_CENSORED,0,No inference on a complete-case subset; censored topics listed.,,,,,,,,,
depth_fraction_at_90,random,auto_tar,5,"C12,C15,C16,C18,GCRIM",NOT_COMPUTED_CENSORED,0,No inference on a complete-case subset; censored topics listed.,,,,,,,,,
depth_fraction_at_90,random,fixed_20,5,"C12,C15,C16,C18,GCRIM",NOT_COMPUTED_CENSORED,0,No inference on a complete-case subset; censored topics listed.,,,,,,,,,
depth_fraction_at_90,random,explore_10,5,"C12,C15,C16,C18,GCRIM",NOT_COMPUTED_CENSORED,0,No inference on a complete-case subset; censored topics listed.,,,,,,,,,
depth_fraction_at_90,seed_similarity,frozen_svm,5,"C12,C15,C16,C18,GCRIM",NOT_COMPUTED_CENSORED,0,No inference on a complete-case subset; censored topics listed.,,,,,,,,,
depth_fraction_at_90,seed_similarity,uncertainty,5,"C12,C15,C16,C18,GCRIM",NOT_COMPUTED_CENSORED,0,No inference on a complete-case subset; censored topics listed.,,,,,,,,,
depth_fraction_at_90,seed_similarity,auto_tar,5,"C12,C15,C16,C18,GCRIM",NOT_COMPUTED_CENSORED,0,No inference on a complete-case subset; censored topics listed.,,,,,,,,,
depth_fraction_at_90,seed_similarity,fixed_20,5,"C12,C15,C16,C18,GCRIM",NOT_COMPUTED_CENSORED,0,No inference on a complete-case subset; censored topics listed.,,,,,,,,,
depth_fraction_at_90,seed_similarity,explore_10,5,"C12,C15,C16,C18,GCRIM",NOT_COMPUTED_CENSORED,0,No inference on a complete-case subset; censored topics listed.,,,,,,,,,
depth_fraction_at_90,frozen_svm,uncertainty,5,"C12,C15,C16,C18,GCRIM",NOT_COMPUTED_CENSORED,0,No inference on a complete-case subset; censored topics listed.,,,,,,,,,
depth_fraction_at_90,frozen_svm,auto_tar,5,"C12,C15,C16,C18,GCRIM",NOT_COMPUTED_CENSORED,0,No inference on a complete-case subset; censored topics listed.,,,,,,,,,
depth_fraction_at_90,frozen_svm,fixed_20,5,"C12,C15,C16,C18,GCRIM",NOT_COMPUTED_CENSORED,0,No inference on a complete-case subset; censored topics listed.,,,,,,,,,
depth_fraction_at_90,frozen_svm,explore_10,5,"C12,C15,C16,C18,GCRIM",NOT_COMPUTED_CENSORED,0,No inference on a complete-case subset; censored topics listed.,,,,,,,,,
depth_fraction_at_90,uncertainty,auto_tar,5,"C12,C15,C18,GCRIM",NOT_COMPUTED_CENSORED,0,No inference on a complete-case subset; censored topics listed.,,,,,,,,,
depth_fraction_at_90,uncertainty,fixed_20,5,"C12,C15,C18,GCRIM",NOT_COMPUTED_CENSORED,0,No inference on a complete-case subset; censored topics listed.,,,,,,,,,
depth_fraction_at_90,uncertainty,explore_10,5,"C12,C15,C16,C18,GCRIM",NOT_COMPUTED_CENSORED,0,No inference on a complete-case subset; censored topics listed.,,,,,,,,,
depth_fraction_at_90,auto_tar,fixed_20,5,,OBSERVED,5,Exploratory; five-topic bootstrap intervals are unstable; nonsignificance is not equivalence. Minimum attainable two-sided p=0.0625 exceeds 0.05 for 5 nonzero pairs.,5.0,0.0027099802727259636,0.00025343067375120594,0.005932581680994139,10000.0,20260907.0,0.125,0.125,0.0625
depth_fraction_at_90,auto_tar,explore_10,5,C16,NOT_COMPUTED_CENSORED,0,No inference on a complete-case subset; censored topics listed.,,,,,,,,,
depth_fraction_at_90,fixed_20,explore_10,5,C16,NOT_COMPUTED_CENSORED,0,No inference on a complete-case subset; censored topics listed.,,,,,,,,,
depth_per_positive_at_75,random,seed_similarity,5,"C12,C15,C16,C18,GCRIM",NOT_COMPUTED_CENSORED,0,No inference on a complete-case subset; censored topics listed.,,,,,,,,,
depth_per_positive_at_75,random,frozen_svm,5,"C12,C15,C16,C18,GCRIM",NOT_COMPUTED_CENSORED,0,No inference on a complete-case subset; censored topics listed.,,,,,,,,,
depth_per_positive_at_75,random,uncertainty,5,"C12,C15,C16,C18,GCRIM",NOT_COMPUTED_CENSORED,0,No inference on a complete-case subset; censored topics listed.,,,,,,,,,
depth_per_positive_at_75,random,auto_tar,5,"C12,C15,C16,C18,GCRIM",NOT_COMPUTED_CENSORED,0,No inference on a complete-case subset; censored topics listed.,,,,,,,,,
depth_per_positive_at_75,random,fixed_20,5,"C12,C15,C16,C18,GCRIM",NOT_COMPUTED_CENSORED,0,No inference on a complete-case subset; censored topics listed.,,,,,,,,,
depth_per_positive_at_75,random,explore_10,5,"C12,C15,C16,C18,GCRIM",NOT_COMPUTED_CENSORED,0,No inference on a complete-case subset; censored topics listed.,,,,,,,,,
depth_per_positive_at_75,seed_similarity,frozen_svm,5,"C12,C15,C16,C18,GCRIM",NOT_COMPUTED_CENSORED,0,No inference on a complete-case subset; censored topics listed.,,,,,,,,,
depth_per_positive_at_75,seed_similarity,uncertainty,5,"C12,C15,C16,C18,GCRIM",NOT_COMPUTED_CENSORED,0,No inference on a complete-case subset; censored topics listed.,,,,,,,,,
depth_per_positive_at_75,seed_similarity,auto_tar,5,"C12,C15,C16,C18,GCRIM",NOT_COMPUTED_CENSORED,0,No inference on a complete-case subset; censored topics listed.,,,,,,,,,
depth_per_positive_at_75,seed_similarity,fixed_20,5,"C12,C15,C16,C18,GCRIM",NOT_COMPUTED_CENSORED,0,No inference on a complete-case subset; censored topics listed.,,,,,,,,,
depth_per_positive_at_75,seed_similarity,explore_10,5,"C12,C15,C16,C18,GCRIM",NOT_COMPUTED_CENSORED,0,No inference on a complete-case subset; censored topics listed.,,,,,,,,,
depth_per_positive_at_75,frozen_svm,uncertainty,5,"C12,C15,C16,C18,GCRIM",NOT_COMPUTED_CENSORED,0,No inference on a complete-case subset; censored topics listed.,,,,,,,,,
depth_per_positive_at_75,frozen_svm,auto_tar,5,"C12,C15,C16,C18,GCRIM",NOT_COMPUTED_CENSORED,0,No inference on a complete-case subset; censored topics listed.,,,,,,,,,
depth_per_positive_at_75,frozen_svm,fixed_20,5,"C12,C15,C16,C18,GCRIM",NOT_COMPUTED_CENSORED,0,No inference on a complete-case subset; censored topics listed.,,,,,,,,,
depth_per_positive_at_75,frozen_svm,explore_10,5,"C12,C15,C16,C18,GCRIM",NOT_COMPUTED_CENSORED,0,No inference on a complete-case subset; censored topics listed.,,,,,,,,,
depth_per_positive_at_75,uncertainty,auto_tar,5,"C15,GCRIM",NOT_COMPUTED_CENSORED,0,No inference on a complete-case subset; censored topics listed.,,,,,,,,,
depth_per_positive_at_75,uncertainty,fixed_20,5,"C15,GCRIM",NOT_COMPUTED_CENSORED,0,No inference on a complete-case subset; censored topics listed.,,,,,,,,,
depth_per_positive_at_75,uncertainty,explore_10,5,"C15,GCRIM",NOT_COMPUTED_CENSORED,0,No inference on a complete-case subset; censored topics listed.,,,,,,,,,
depth_per_positive_at_75,auto_tar,fixed_20,5,,OBSERVED,5,Exploratory; five-topic bootstrap intervals are unstable; nonsignificance is not equivalence. Minimum attainable two-sided p=0.0625 exceeds 0.05 for 5 nonzero pairs.,5.0,-0.08647379997010948,-0.3221284475948922,0.050928479159931074,10000.0,20260907.0,1.0,0.625,0.0625
depth_per_positive_at_75,auto_tar,explore_10,5,,OBSERVED,5,Exploratory; five-topic bootstrap intervals are unstable; nonsignificance is not equivalence. Minimum attainable two-sided p=0.0625 exceeds 0.05 for 5 nonzero pairs.,5.0,-0.14339364848427263,-0.30387902068357053,-0.05190828677710614,10000.0,20260907.0,0.0625,0.0625,0.0625
depth_per_positive_at_75,fixed_20,explore_10,5,,OBSERVED,5,Exploratory; five-topic bootstrap intervals are unstable; nonsignificance is not equivalence. Minimum attainable two-sided p=0.0625 exceeds 0.05 for 5 nonzero pairs.,5.0,-0.056919848514163165,-0.10369604419050486,0.0146449149828447,10000.0,20260907.0,0.25,0.3125,0.0625
depth_per_positive_at_80,random,seed_similarity,5,"C12,C15,C16,C18,GCRIM",NOT_COMPUTED_CENSORED,0,No inference on a complete-case subset; censored topics listed.,,,,,,,,,
depth_per_positive_at_80,random,frozen_svm,5,"C12,C15,C16,C18,GCRIM",NOT_COMPUTED_CENSORED,0,No inference on a complete-case subset; censored topics listed.,,,,,,,,,
depth_per_positive_at_80,random,uncertainty,5,"C12,C15,C16,C18,GCRIM",NOT_COMPUTED_CENSORED,0,No inference on a complete-case subset; censored topics listed.,,,,,,,,,
depth_per_positive_at_80,random,auto_tar,5,"C12,C15,C16,C18,GCRIM",NOT_COMPUTED_CENSORED,0,No inference on a complete-case subset; censored topics listed.,,,,,,,,,
depth_per_positive_at_80,random,fixed_20,5,"C12,C15,C16,C18,GCRIM",NOT_COMPUTED_CENSORED,0,No inference on a complete-case subset; censored topics listed.,,,,,,,,,
depth_per_positive_at_80,random,explore_10,5,"C12,C15,C16,C18,GCRIM",NOT_COMPUTED_CENSORED,0,No inference on a complete-case subset; censored topics listed.,,,,,,,,,
depth_per_positive_at_80,seed_similarity,frozen_svm,5,"C12,C15,C16,C18,GCRIM",NOT_COMPUTED_CENSORED,0,No inference on a complete-case subset; censored topics listed.,,,,,,,,,
depth_per_positive_at_80,seed_similarity,uncertainty,5,"C12,C15,C16,C18,GCRIM",NOT_COMPUTED_CENSORED,0,No inference on a complete-case subset; censored topics listed.,,,,,,,,,
depth_per_positive_at_80,seed_similarity,auto_tar,5,"C12,C15,C16,C18,GCRIM",NOT_COMPUTED_CENSORED,0,No inference on a complete-case subset; censored topics listed.,,,,,,,,,
depth_per_positive_at_80,seed_similarity,fixed_20,5,"C12,C15,C16,C18,GCRIM",NOT_COMPUTED_CENSORED,0,No inference on a complete-case subset; censored topics listed.,,,,,,,,,
depth_per_positive_at_80,seed_similarity,explore_10,5,"C12,C15,C16,C18,GCRIM",NOT_COMPUTED_CENSORED,0,No inference on a complete-case subset; censored topics listed.,,,,,,,,,
depth_per_positive_at_80,frozen_svm,uncertainty,5,"C12,C15,C16,C18,GCRIM",NOT_COMPUTED_CENSORED,0,No inference on a complete-case subset; censored topics listed.,,,,,,,,,
depth_per_positive_at_80,frozen_svm,auto_tar,5,"C12,C15,C16,C18,GCRIM",NOT_COMPUTED_CENSORED,0,No inference on a complete-case subset; censored topics listed.,,,,,,,,,
depth_per_positive_at_80,frozen_svm,fixed_20,5,"C12,C15,C16,C18,GCRIM",NOT_COMPUTED_CENSORED,0,No inference on a complete-case subset; censored topics listed.,,,,,,,,,
depth_per_positive_at_80,frozen_svm,explore_10,5,"C12,C15,C16,C18,GCRIM",NOT_COMPUTED_CENSORED,0,No inference on a complete-case subset; censored topics listed.,,,,,,,,,
depth_per_positive_at_80,uncertainty,auto_tar,5,"C15,GCRIM",NOT_COMPUTED_CENSORED,0,No inference on a complete-case subset; censored topics listed.,,,,,,,,,
depth_per_positive_at_80,uncertainty,fixed_20,5,"C15,GCRIM",NOT_COMPUTED_CENSORED,0,No inference on a complete-case subset; censored topics listed.,,,,,,,,,
depth_per_positive_at_80,uncertainty,explore_10,5,"C15,GCRIM",NOT_COMPUTED_CENSORED,0,No inference on a complete-case subset; censored topics listed.,,,,,,,,,
depth_per_positive_at_80,auto_tar,fixed_20,5,,OBSERVED,5,Exploratory; five-topic bootstrap intervals are unstable; nonsignificance is not equivalence. Minimum attainable two-sided p=0.0625 exceeds 0.05 for 5 nonzero pairs.,5.0,0.09234021770555481,0.016779940560905603,0.1800406899711234,10000.0,20260907.0,0.0625,0.0625,0.0625
depth_per_positive_at_80,auto_tar,explore_10,5,,OBSERVED,5,Exploratory; five-topic bootstrap intervals are unstable; nonsignificance is not equivalence. Minimum attainable two-sided p=0.0625 exceeds 0.05 for 5 nonzero pairs.,5.0,-0.003427242476842129,-0.07490063413961141,0.11492320237173732,10000.0,20260907.0,1.0,0.625,0.0625
depth_per_positive_at_80,fixed_20,explore_10,5,,OBSERVED,5,Exploratory; five-topic bootstrap intervals are unstable; nonsignificance is not equivalence. Minimum attainable two-sided p=0.0625 exceeds 0.05 for 5 nonzero pairs.,5.0,-0.09576746018239694,-0.154328392093089,-0.0454909737453552,10000.0,20260907.0,0.0625,0.0625,0.0625
depth_per_positive_at_90,random,seed_similarity,5,"C12,C15,C16,C18,GCRIM",NOT_COMPUTED_CENSORED,0,No inference on a complete-case subset; censored topics listed.,,,,,,,,,
depth_per_positive_at_90,random,frozen_svm,5,"C12,C15,C16,C18,GCRIM",NOT_COMPUTED_CENSORED,0,No inference on a complete-case subset; censored topics listed.,,,,,,,,,
depth_per_positive_at_90,random,uncertainty,5,"C12,C15,C16,C18,GCRIM",NOT_COMPUTED_CENSORED,0,No inference on a complete-case subset; censored topics listed.,,,,,,,,,
depth_per_positive_at_90,random,auto_tar,5,"C12,C15,C16,C18,GCRIM",NOT_COMPUTED_CENSORED,0,No inference on a complete-case subset; censored topics listed.,,,,,,,,,
depth_per_positive_at_90,random,fixed_20,5,"C12,C15,C16,C18,GCRIM",NOT_COMPUTED_CENSORED,0,No inference on a complete-case subset; censored topics listed.,,,,,,,,,
depth_per_positive_at_90,random,explore_10,5,"C12,C15,C16,C18,GCRIM",NOT_COMPUTED_CENSORED,0,No inference on a complete-case subset; censored topics listed.,,,,,,,,,
depth_per_positive_at_90,seed_similarity,frozen_svm,5,"C12,C15,C16,C18,GCRIM",NOT_COMPUTED_CENSORED,0,No inference on a complete-case subset; censored topics listed.,,,,,,,,,
depth_per_positive_at_90,seed_similarity,uncertainty,5,"C12,C15,C16,C18,GCRIM",NOT_COMPUTED_CENSORED,0,No inference on a complete-case subset; censored topics listed.,,,,,,,,,
depth_per_positive_at_90,seed_similarity,auto_tar,5,"C12,C15,C16,C18,GCRIM",NOT_COMPUTED_CENSORED,0,No inference on a complete-case subset; censored topics listed.,,,,,,,,,
depth_per_positive_at_90,seed_similarity,fixed_20,5,"C12,C15,C16,C18,GCRIM",NOT_COMPUTED_CENSORED,0,No inference on a complete-case subset; censored topics listed.,,,,,,,,,
depth_per_positive_at_90,seed_similarity,explore_10,5,"C12,C15,C16,C18,GCRIM",NOT_COMPUTED_CENSORED,0,No inference on a complete-case subset; censored topics listed.,,,,,,,,,
depth_per_positive_at_90,frozen_svm,uncertainty,5,"C12,C15,C16,C18,GCRIM",NOT_COMPUTED_CENSORED,0,No inference on a complete-case subset; censored topics listed.,,,,,,,,,
depth_per_positive_at_90,frozen_svm,auto_tar,5,"C12,C15,C16,C18,GCRIM",NOT_COMPUTED_CENSORED,0,No inference on a complete-case subset; censored topics listed.,,,,,,,,,
depth_per_positive_at_90,frozen_svm,fixed_20,5,"C12,C15,C16,C18,GCRIM",NOT_COMPUTED_CENSORED,0,No inference on a complete-case subset; censored topics listed.,,,,,,,,,
depth_per_positive_at_90,frozen_svm,explore_10,5,"C12,C15,C16,C18,GCRIM",NOT_COMPUTED_CENSORED,0,No inference on a complete-case subset; censored topics listed.,,,,,,,,,
depth_per_positive_at_90,uncertainty,auto_tar,5,"C12,C15,C18,GCRIM",NOT_COMPUTED_CENSORED,0,No inference on a complete-case subset; censored topics listed.,,,,,,,,,
depth_per_positive_at_90,uncertainty,fixed_20,5,"C12,C15,C18,GCRIM",NOT_COMPUTED_CENSORED,0,No inference on a complete-case subset; censored topics listed.,,,,,,,,,
depth_per_positive_at_90,uncertainty,explore_10,5,"C12,C15,C16,C18,GCRIM",NOT_COMPUTED_CENSORED,0,No inference on a complete-case subset; censored topics listed.,,,,,,,,,
depth_per_positive_at_90,auto_tar,fixed_20,5,,OBSERVED,5,Exploratory; five-topic bootstrap intervals are unstable; nonsignificance is not equivalence. Minimum attainable two-sided p=0.0625 exceeds 0.05 for 5 nonzero pairs.,5.0,0.01844235022135877,-0.023617689840144698,0.057112820359371895,10000.0,20260907.0,0.375,0.4375,0.0625
depth_per_positive_at_90,auto_tar,explore_10,5,C16,NOT_COMPUTED_CENSORED,0,No inference on a complete-case subset; censored topics listed.,,,,,,,,,
depth_per_positive_at_90,fixed_20,explore_10,5,C16,NOT_COMPUTED_CENSORED,0,No inference on a complete-case subset; censored topics listed.,,,,,,,,,
effort_at_75,random,seed_similarity,5,"C12,C15,C16,C18,GCRIM",NOT_COMPUTED_CENSORED,0,No inference on a complete-case subset; censored topics listed.,,,,,,,,,
effort_at_75,random,frozen_svm,5,"C12,C15,C16,C18,GCRIM",NOT_COMPUTED_CENSORED,0,No inference on a complete-case subset; censored topics listed.,,,,,,,,,
effort_at_75,random,uncertainty,5,"C12,C15,C16,C18,GCRIM",NOT_COMPUTED_CENSORED,0,No inference on a complete-case subset; censored topics listed.,,,,,,,,,
effort_at_75,random,auto_tar,5,"C12,C15,C16,C18,GCRIM",NOT_COMPUTED_CENSORED,0,No inference on a complete-case subset; censored topics listed.,,,,,,,,,
effort_at_75,random,fixed_20,5,"C12,C15,C16,C18,GCRIM",NOT_COMPUTED_CENSORED,0,No inference on a complete-case subset; censored topics listed.,,,,,,,,,
effort_at_75,random,explore_10,5,"C12,C15,C16,C18,GCRIM",NOT_COMPUTED_CENSORED,0,No inference on a complete-case subset; censored topics listed.,,,,,,,,,
effort_at_75,seed_similarity,frozen_svm,5,"C12,C15,C16,C18,GCRIM",NOT_COMPUTED_CENSORED,0,No inference on a complete-case subset; censored topics listed.,,,,,,,,,
effort_at_75,seed_similarity,uncertainty,5,"C12,C15,C16,C18,GCRIM",NOT_COMPUTED_CENSORED,0,No inference on a complete-case subset; censored topics listed.,,,,,,,,,
effort_at_75,seed_similarity,auto_tar,5,"C12,C15,C16,C18,GCRIM",NOT_COMPUTED_CENSORED,0,No inference on a complete-case subset; censored topics listed.,,,,,,,,,
effort_at_75,seed_similarity,fixed_20,5,"C12,C15,C16,C18,GCRIM",NOT_COMPUTED_CENSORED,0,No inference on a complete-case subset; censored topics listed.,,,,,,,,,
effort_at_75,seed_similarity,explore_10,5,"C12,C15,C16,C18,GCRIM",NOT_COMPUTED_CENSORED,0,No inference on a complete-case subset; censored topics listed.,,,,,,,,,
effort_at_75,frozen_svm,uncertainty,5,"C12,C15,C16,C18,GCRIM",NOT_COMPUTED_CENSORED,0,No inference on a complete-case subset; censored topics listed.,,,,,,,,,
effort_at_75,frozen_svm,auto_tar,5,"C12,C15,C16,C18,GCRIM",NOT_COMPUTED_CENSORED,0,No inference on a complete-case subset; censored topics listed.,,,,,,,,,
effort_at_75,frozen_svm,fixed_20,5,"C12,C15,C16,C18,GCRIM",NOT_COMPUTED_CENSORED,0,No inference on a complete-case subset; censored topics listed.,,,,,,,,,
effort_at_75,frozen_svm,explore_10,5,"C12,C15,C16,C18,GCRIM",NOT_COMPUTED_CENSORED,0,No inference on a complete-case subset; censored topics listed.,,,,,,,,,
effort_at_75,uncertainty,auto_tar,5,"C15,GCRIM",NOT_COMPUTED_CENSORED,0,No inference on a complete-case subset; censored topics listed.,,,,,,,,,
effort_at_75,uncertainty,fixed_20,5,"C15,GCRIM",NOT_COMPUTED_CENSORED,0,No inference on a complete-case subset; censored topics listed.,,,,,,,,,
effort_at_75,uncertainty,explore_10,5,"C15,GCRIM",NOT_COMPUTED_CENSORED,0,No inference on a complete-case subset; censored topics listed.,,,,,,,,,
effort_at_75,auto_tar,fixed_20,5,,OBSERVED,5,Exploratory; five-topic bootstrap intervals are unstable; nonsignificance is not equivalence. Minimum attainable two-sided p=0.0625 exceeds 0.05 for 5 nonzero pairs.,5.0,19.6,-8.066666666666668,51.06666666666666,10000.0,20260907.0,0.3125,0.3125,0.0625
effort_at_75,auto_tar,explore_10,5,,OBSERVED,5,Exploratory; five-topic bootstrap intervals are unstable; nonsignificance is not equivalence. Minimum attainable two-sided p=0.0625 exceeds 0.05 for 5 nonzero pairs.,5.0,-94.6,-165.2,-32.8,10000.0,20260907.0,0.0625,0.0625,0.0625
effort_at_75,fixed_20,explore_10,5,,OBSERVED,5,Exploratory; five-topic bootstrap intervals are unstable; nonsignificance is not equivalence. Minimum attainable two-sided p=0.0625 exceeds 0.05 for 5 nonzero pairs.,5.0,-114.2,-210.0,-34.266666666666666,10000.0,20260907.0,0.125,0.125,0.0625
effort_at_80,random,seed_similarity,5,"C12,C15,C16,C18,GCRIM",NOT_COMPUTED_CENSORED,0,No inference on a complete-case subset; censored topics listed.,,,,,,,,,
effort_at_80,random,frozen_svm,5,"C12,C15,C16,C18,GCRIM",NOT_COMPUTED_CENSORED,0,No inference on a complete-case subset; censored topics listed.,,,,,,,,,
effort_at_80,random,uncertainty,5,"C12,C15,C16,C18,GCRIM",NOT_COMPUTED_CENSORED,0,No inference on a complete-case subset; censored topics listed.,,,,,,,,,
effort_at_80,random,auto_tar,5,"C12,C15,C16,C18,GCRIM",NOT_COMPUTED_CENSORED,0,No inference on a complete-case subset; censored topics listed.,,,,,,,,,
effort_at_80,random,fixed_20,5,"C12,C15,C16,C18,GCRIM",NOT_COMPUTED_CENSORED,0,No inference on a complete-case subset; censored topics listed.,,,,,,,,,
effort_at_80,random,explore_10,5,"C12,C15,C16,C18,GCRIM",NOT_COMPUTED_CENSORED,0,No inference on a complete-case subset; censored topics listed.,,,,,,,,,
effort_at_80,seed_similarity,frozen_svm,5,"C12,C15,C16,C18,GCRIM",NOT_COMPUTED_CENSORED,0,No inference on a complete-case subset; censored topics listed.,,,,,,,,,
effort_at_80,seed_similarity,uncertainty,5,"C12,C15,C16,C18,GCRIM",NOT_COMPUTED_CENSORED,0,No inference on a complete-case subset; censored topics listed.,,,,,,,,,
effort_at_80,seed_similarity,auto_tar,5,"C12,C15,C16,C18,GCRIM",NOT_COMPUTED_CENSORED,0,No inference on a complete-case subset; censored topics listed.,,,,,,,,,
effort_at_80,seed_similarity,fixed_20,5,"C12,C15,C16,C18,GCRIM",NOT_COMPUTED_CENSORED,0,No inference on a complete-case subset; censored topics listed.,,,,,,,,,
effort_at_80,seed_similarity,explore_10,5,"C12,C15,C16,C18,GCRIM",NOT_COMPUTED_CENSORED,0,No inference on a complete-case subset; censored topics listed.,,,,,,,,,
effort_at_80,frozen_svm,uncertainty,5,"C12,C15,C16,C18,GCRIM",NOT_COMPUTED_CENSORED,0,No inference on a complete-case subset; censored topics listed.,,,,,,,,,
effort_at_80,frozen_svm,auto_tar,5,"C12,C15,C16,C18,GCRIM",NOT_COMPUTED_CENSORED,0,No inference on a complete-case subset; censored topics listed.,,,,,,,,,
effort_at_80,frozen_svm,fixed_20,5,"C12,C15,C16,C18,GCRIM",NOT_COMPUTED_CENSORED,0,No inference on a complete-case subset; censored topics listed.,,,,,,,,,
effort_at_80,frozen_svm,explore_10,5,"C12,C15,C16,C18,GCRIM",NOT_COMPUTED_CENSORED,0,No inference on a complete-case subset; censored topics listed.,,,,,,,,,
effort_at_80,uncertainty,auto_tar,5,"C15,GCRIM",NOT_COMPUTED_CENSORED,0,No inference on a complete-case subset; censored topics listed.,,,,,,,,,
effort_at_80,uncertainty,fixed_20,5,"C15,GCRIM",NOT_COMPUTED_CENSORED,0,No inference on a complete-case subset; censored topics listed.,,,,,,,,,
effort_at_80,uncertainty,explore_10,5,"C15,GCRIM",NOT_COMPUTED_CENSORED,0,No inference on a complete-case subset; censored topics listed.,,,,,,,,,
effort_at_80,auto_tar,fixed_20,5,,OBSERVED,5,Exploratory; five-topic bootstrap intervals are unstable; nonsignificance is not equivalence. Minimum attainable two-sided p=0.0625 exceeds 0.05 for 5 nonzero pairs.,5.0,44.0,15.6,80.6,10000.0,20260907.0,0.0625,0.0625,0.0625
effort_at_80,auto_tar,explore_10,5,,OBSERVED,5,Exploratory; five-topic bootstrap intervals are unstable; nonsignificance is not equivalence. Minimum attainable two-sided p=0.0625 exceeds 0.05 for 5 nonzero pairs.,5.0,-84.6,-157.0,-15.533333333333335,10000.0,20260907.0,0.125,0.125,0.0625
effort_at_80,fixed_20,explore_10,5,,OBSERVED,5,Exploratory; five-topic bootstrap intervals are unstable; nonsignificance is not equivalence. Minimum attainable two-sided p=0.0625 exceeds 0.05 for 5 nonzero pairs.,5.0,-128.6,-225.93333333333334,-46.2,10000.0,20260907.0,0.0625,0.0625,0.0625
effort_at_90,random,seed_similarity,5,"C12,C15,C16,C18,GCRIM",NOT_COMPUTED_CENSORED,0,No inference on a complete-case subset; censored topics listed.,,,,,,,,,
effort_at_90,random,frozen_svm,5,"C12,C15,C16,C18,GCRIM",NOT_COMPUTED_CENSORED,0,No inference on a complete-case subset; censored topics listed.,,,,,,,,,
effort_at_90,random,uncertainty,5,"C12,C15,C16,C18,GCRIM",NOT_COMPUTED_CENSORED,0,No inference on a complete-case subset; censored topics listed.,,,,,,,,,
effort_at_90,random,auto_tar,5,"C12,C15,C16,C18,GCRIM",NOT_COMPUTED_CENSORED,0,No inference on a complete-case subset; censored topics listed.,,,,,,,,,
effort_at_90,random,fixed_20,5,"C12,C15,C16,C18,GCRIM",NOT_COMPUTED_CENSORED,0,No inference on a complete-case subset; censored topics listed.,,,,,,,,,
effort_at_90,random,explore_10,5,"C12,C15,C16,C18,GCRIM",NOT_COMPUTED_CENSORED,0,No inference on a complete-case subset; censored topics listed.,,,,,,,,,
effort_at_90,seed_similarity,frozen_svm,5,"C12,C15,C16,C18,GCRIM",NOT_COMPUTED_CENSORED,0,No inference on a complete-case subset; censored topics listed.,,,,,,,,,
effort_at_90,seed_similarity,uncertainty,5,"C12,C15,C16,C18,GCRIM",NOT_COMPUTED_CENSORED,0,No inference on a complete-case subset; censored topics listed.,,,,,,,,,
effort_at_90,seed_similarity,auto_tar,5,"C12,C15,C16,C18,GCRIM",NOT_COMPUTED_CENSORED,0,No inference on a complete-case subset; censored topics listed.,,,,,,,,,
effort_at_90,seed_similarity,fixed_20,5,"C12,C15,C16,C18,GCRIM",NOT_COMPUTED_CENSORED,0,No inference on a complete-case subset; censored topics listed.,,,,,,,,,
effort_at_90,seed_similarity,explore_10,5,"C12,C15,C16,C18,GCRIM",NOT_COMPUTED_CENSORED,0,No inference on a complete-case subset; censored topics listed.,,,,,,,,,
effort_at_90,frozen_svm,uncertainty,5,"C12,C15,C16,C18,GCRIM",NOT_COMPUTED_CENSORED,0,No inference on a complete-case subset; censored topics listed.,,,,,,,,,
effort_at_90,frozen_svm,auto_tar,5,"C12,C15,C16,C18,GCRIM",NOT_COMPUTED_CENSORED,0,No inference on a complete-case subset; censored topics listed.,,,,,,,,,
effort_at_90,frozen_svm,fixed_20,5,"C12,C15,C16,C18,GCRIM",NOT_COMPUTED_CENSORED,0,No inference on a complete-case subset; censored topics listed.,,,,,,,,,
effort_at_90,frozen_svm,explore_10,5,"C12,C15,C16,C18,GCRIM",NOT_COMPUTED_CENSORED,0,No inference on a complete-case subset; censored topics listed.,,,,,,,,,
effort_at_90,uncertainty,auto_tar,5,"C12,C15,C18,GCRIM",NOT_COMPUTED_CENSORED,0,No inference on a complete-case subset; censored topics listed.,,,,,,,,,
effort_at_90,uncertainty,fixed_20,5,"C12,C15,C18,GCRIM",NOT_COMPUTED_CENSORED,0,No inference on a complete-case subset; censored topics listed.,,,,,,,,,
effort_at_90,uncertainty,explore_10,5,"C12,C15,C16,C18,GCRIM",NOT_COMPUTED_CENSORED,0,No inference on a complete-case subset; censored topics listed.,,,,,,,,,
effort_at_90,auto_tar,fixed_20,5,,OBSERVED,5,Exploratory; five-topic bootstrap intervals are unstable; nonsignificance is not equivalence. Minimum attainable two-sided p=0.0625 exceeds 0.05 for 5 nonzero pairs.,5.0,62.733333333333334,5.866666666666666,137.33333333333331,10000.0,20260907.0,0.125,0.125,0.0625
effort_at_90,auto_tar,explore_10,5,C16,NOT_COMPUTED_CENSORED,0,No inference on a complete-case subset; censored topics listed.,,,,,,,,,
effort_at_90,fixed_20,explore_10,5,C16,NOT_COMPUTED_CENSORED,0,No inference on a complete-case subset; censored topics listed.,,,,,,,,,
recall_at_1000,random,seed_similarity,5,,OBSERVED,5,Exploratory; five-topic bootstrap intervals are unstable; nonsignificance is not equivalence. Minimum attainable two-sided p=0.0625 exceeds 0.05 for 5 nonzero pairs.,5.0,-0.2256112050330553,-0.3051012377939477,-0.14816349820490096,10000.0,20260907.0,0.0625,0.0625,0.0625
recall_at_1000,random,frozen_svm,5,,OBSERVED,5,Exploratory; five-topic bootstrap intervals are unstable; nonsignificance is not equivalence. Minimum attainable two-sided p=0.0625 exceeds 0.05 for 5 nonzero pairs.,5.0,-0.23046709307641777,-0.31908375142769063,-0.14556524023656442,10000.0,20260907.0,0.0625,0.0625,0.0625
recall_at_1000,random,uncertainty,5,,OBSERVED,5,Exploratory; five-topic bootstrap intervals are unstable; nonsignificance is not equivalence. Minimum attainable two-sided p=0.0625 exceeds 0.05 for 5 nonzero pairs.,5.0,-0.46342708524108756,-0.7061426755894326,-0.23577458644770552,10000.0,20260907.0,0.0625,0.0625,0.0625
recall_at_1000,random,auto_tar,5,,OBSERVED,5,Exploratory; five-topic bootstrap intervals are unstable; nonsignificance is not equivalence. Minimum attainable two-sided p=0.0625 exceeds 0.05 for 5 nonzero pairs.,5.0,-0.6175139432618151,-0.8093572309261369,-0.3895879817399964,10000.0,20260907.0,0.0625,0.0625,0.0625
recall_at_1000,random,fixed_20,5,,OBSERVED,5,Exploratory; five-topic bootstrap intervals are unstable; nonsignificance is not equivalence. Minimum attainable two-sided p=0.0625 exceeds 0.05 for 5 nonzero pairs.,5.0,-0.6172378149250233,-0.8081536491837145,-0.3902675659139181,10000.0,20260907.0,0.0625,0.0625,0.0625
recall_at_1000,random,explore_10,5,,OBSERVED,5,Exploratory; five-topic bootstrap intervals are unstable; nonsignificance is not equivalence. Minimum attainable two-sided p=0.0625 exceeds 0.05 for 5 nonzero pairs.,5.0,-0.5958408803790857,-0.7955458537043606,-0.3696360449770855,10000.0,20260907.0,0.0625,0.0625,0.0625
recall_at_1000,seed_similarity,frozen_svm,5,,OBSERVED,5,Exploratory; five-topic bootstrap intervals are unstable; nonsignificance is not equivalence. Minimum attainable two-sided p=0.0625 exceeds 0.05 for 5 nonzero pairs.,5.0,-0.004855888043362496,-0.020692560570252032,0.015361007088355966,10000.0,20260907.0,0.6875,0.8125,0.0625
recall_at_1000,seed_similarity,uncertainty,5,,OBSERVED,5,Exploratory; five-topic bootstrap intervals are unstable; nonsignificance is not equivalence. Minimum attainable two-sided p=0.0625 exceeds 0.05 for 5 nonzero pairs.,5.0,-0.23781588020803224,-0.420172478440195,-0.07165064193468058,10000.0,20260907.0,0.125,0.125,0.0625
recall_at_1000,seed_similarity,auto_tar,5,,OBSERVED,5,Exploratory; five-topic bootstrap intervals are unstable; nonsignificance is not equivalence. Minimum attainable two-sided p=0.0625 exceeds 0.05 for 5 nonzero pairs.,5.0,-0.3919027382287598,-0.5160603341071645,-0.20871779883559488,10000.0,20260907.0,0.0625,0.0625,0.0625
recall_at_1000,seed_similarity,fixed_20,5,,OBSERVED,5,Exploratory; five-topic bootstrap intervals are unstable; nonsignificance is not equivalence. Minimum attainable two-sided p=0.0625 exceeds 0.05 for 5 nonzero pairs.,5.0,-0.391626609891968,-0.5125067798420092,-0.21443167588457146,10000.0,20260907.0,0.0625,0.0625,0.0625
recall_at_1000,seed_similarity,explore_10,5,,OBSERVED,5,Exploratory; five-topic bootstrap intervals are unstable; nonsignificance is not equivalence. Minimum attainable two-sided p=0.0625 exceeds 0.05 for 5 nonzero pairs.,5.0,-0.37022967534603035,-0.5046869141357331,-0.188765862072684,10000.0,20260907.0,0.0625,0.0625,0.0625
recall_at_1000,frozen_svm,uncertainty,5,,OBSERVED,5,Exploratory; five-topic bootstrap intervals are unstable; nonsignificance is not equivalence. Minimum attainable two-sided p=0.0625 exceeds 0.05 for 5 nonzero pairs.,5.0,-0.23295999216466975,-0.40991018135943397,-0.07653315823291917,10000.0,20260907.0,0.125,0.125,0.0625
recall_at_1000,frozen_svm,auto_tar,5,,OBSERVED,5,Exploratory; five-topic bootstrap intervals are unstable; nonsignificance is not equivalence. Minimum attainable two-sided p=0.0625 exceeds 0.05 for 5 nonzero pairs.,5.0,-0.38704685018539736,-0.5133680664942346,-0.2253396178555958,10000.0,20260907.0,0.0625,0.0625,0.0625
recall_at_1000,frozen_svm,fixed_20,5,,OBSERVED,5,Exploratory; five-topic bootstrap intervals are unstable; nonsignificance is not equivalence. Minimum attainable two-sided p=0.0625 exceeds 0.05 for 5 nonzero pairs.,5.0,-0.3867707218486055,-0.5110893969991097,-0.22641914091394502,10000.0,20260907.0,0.0625,0.0625,0.0625
recall_at_1000,frozen_svm,explore_10,5,,OBSERVED,5,Exploratory; five-topic bootstrap intervals are unstable; nonsignificance is not equivalence. Minimum attainable two-sided p=0.0625 exceeds 0.05 for 5 nonzero pairs.,5.0,-0.3653737873026679,-0.496588487403418,-0.1975169811113319,10000.0,20260907.0,0.0625,0.0625,0.0625
recall_at_1000,uncertainty,auto_tar,5,,OBSERVED,5,Exploratory; five-topic bootstrap intervals are unstable; nonsignificance is not equivalence. Minimum attainable two-sided p=0.125 exceeds 0.05 for 4 nonzero pairs.,4.0,-0.1540868580207276,-0.23654772632679516,-0.06538051471611199,10000.0,20260907.0,0.125,0.125,0.125
recall_at_1000,uncertainty,fixed_20,5,,OBSERVED,5,Exploratory; five-topic bootstrap intervals are unstable; nonsignificance is not equivalence. Minimum attainable two-sided p=0.0625 exceeds 0.05 for 5 nonzero pairs.,5.0,-0.15381072968393578,-0.2434055005809225,-0.06156570376193016,10000.0,20260907.0,0.125,0.125,0.0625
recall_at_1000,uncertainty,explore_10,5,,OBSERVED,5,Exploratory; five-topic bootstrap intervals are unstable; nonsignificance is not equivalence. Minimum attainable two-sided p=0.125 exceeds 0.05 for 4 nonzero pairs.,4.0,-0.13241379513799814,-0.20509550868814683,-0.05381572051515475,10000.0,20260907.0,0.125,0.125,0.125
recall_at_1000,auto_tar,fixed_20,5,,OBSERVED,5,Exploratory; five-topic bootstrap intervals are unstable; nonsignificance is not equivalence. Minimum attainable two-sided p=0.0625 exceeds 0.05 for 5 nonzero pairs.,5.0,0.00027612833679182435,-0.002366559231687787,0.003814810954181836,10000.0,20260907.0,0.875,1.0,0.0625
recall_at_1000,auto_tar,explore_10,5,,OBSERVED,5,Exploratory; five-topic bootstrap intervals are unstable; nonsignificance is not equivalence. Minimum attainable two-sided p=0.125 exceeds 0.05 for 4 nonzero pairs.,4.0,0.02167306288272947,0.006293308813785212,0.03705281695167373,10000.0,20260907.0,0.125,0.125,0.125
recall_at_1000,fixed_20,explore_10,5,,OBSERVED,5,Exploratory; five-topic bootstrap intervals are unstable; nonsignificance is not equivalence. Minimum attainable two-sided p=0.0625 exceeds 0.05 for 5 nonzero pairs.,5.0,0.021396934545937645,0.00482847038233645,0.03796539870953884,10000.0,20260907.0,0.125,0.125,0.0625
recall_at_1R_plus_0,random,seed_similarity,5,,OBSERVED,5,Exploratory; five-topic bootstrap intervals are unstable; nonsignificance is not equivalence. Minimum attainable two-sided p=0.125 exceeds 0.05 for 4 nonzero pairs.,4.0,-0.19547696416159233,-0.28489585781157933,-0.09700566760146465,10000.0,20260907.0,0.125,0.125,0.125
recall_at_1R_plus_0,random,frozen_svm,5,,OBSERVED,5,Exploratory; five-topic bootstrap intervals are unstable; nonsignificance is not equivalence. Minimum attainable two-sided p=0.0625 exceeds 0.05 for 5 nonzero pairs.,5.0,-0.1868960068822518,-0.25743447390387075,-0.09053195837329012,10000.0,20260907.0,0.0625,0.0625,0.0625
recall_at_1R_plus_0,random,uncertainty,5,,OBSERVED,5,Exploratory; five-topic bootstrap intervals are unstable; nonsignificance is not equivalence. Minimum attainable two-sided p=0.0625 exceeds 0.05 for 5 nonzero pairs.,5.0,-0.3359819433532508,-0.43971913900234866,-0.2218457091846906,10000.0,20260907.0,0.0625,0.0625,0.0625
recall_at_1R_plus_0,random,auto_tar,5,,OBSERVED,5,Exploratory; five-topic bootstrap intervals are unstable; nonsignificance is not equivalence. Minimum attainable two-sided p=0.0625 exceeds 0.05 for 5 nonzero pairs.,5.0,-0.5820391920163651,-0.7094006530635306,-0.36689732910860606,10000.0,20260907.0,0.0625,0.0625,0.0625
recall_at_1R_plus_0,random,fixed_20,5,,OBSERVED,5,Exploratory; five-topic bootstrap intervals are unstable; nonsignificance is not equivalence. Minimum attainable two-sided p=0.0625 exceeds 0.05 for 5 nonzero pairs.,5.0,-0.5757287901822394,-0.7187983444183761,-0.3291825786938655,10000.0,20260907.0,0.0625,0.0625,0.0625
recall_at_1R_plus_0,random,explore_10,5,,OBSERVED,5,Exploratory; five-topic bootstrap intervals are unstable; nonsignificance is not equivalence. Minimum attainable two-sided p=0.0625 exceeds 0.05 for 5 nonzero pairs.,5.0,-0.5604000089909182,-0.6798348362062635,-0.35716218236558533,10000.0,20260907.0,0.0625,0.0625,0.0625
recall_at_1R_plus_0,seed_similarity,frozen_svm,5,,OBSERVED,5,Exploratory; five-topic bootstrap intervals are unstable; nonsignificance is not equivalence. Minimum attainable two-sided p=0.0625 exceeds 0.05 for 5 nonzero pairs.,5.0,0.008580957279340523,-0.020852985409404425,0.06014536299246953,10000.0,20260907.0,1.0,0.625,0.0625
recall_at_1R_plus_0,seed_similarity,uncertainty,5,,OBSERVED,5,Exploratory; five-topic bootstrap intervals are unstable; nonsignificance is not equivalence. Minimum attainable two-sided p=0.0625 exceeds 0.05 for 5 nonzero pairs.,5.0,-0.14050497919165847,-0.24433042215238046,0.004595372102812206,10000.0,20260907.0,0.125,0.125,0.0625
recall_at_1R_plus_0,seed_similarity,auto_tar,5,,OBSERVED,5,Exploratory; five-topic bootstrap intervals are unstable; nonsignificance is not equivalence. Minimum attainable two-sided p=0.0625 exceeds 0.05 for 5 nonzero pairs.,5.0,-0.3865622278547728,-0.4995287646495553,-0.2615321706631236,10000.0,20260907.0,0.0625,0.0625,0.0625
recall_at_1R_plus_0,seed_similarity,fixed_20,5,,OBSERVED,5,Exploratory; five-topic bootstrap intervals are unstable; nonsignificance is not equivalence. Minimum attainable two-sided p=0.0625 exceeds 0.05 for 5 nonzero pairs.,5.0,-0.3802518260206471,-0.5056286397504728,-0.23071128213373782,10000.0,20260907.0,0.0625,0.0625,0.0625
recall_at_1R_plus_0,seed_similarity,explore_10,5,,OBSERVED,5,Exploratory; five-topic bootstrap intervals are unstable; nonsignificance is not equivalence. Minimum attainable two-sided p=0.0625 exceeds 0.05 for 5 nonzero pairs.,5.0,-0.36492304482932586,-0.46688103977118345,-0.25849634040001807,10000.0,20260907.0,0.0625,0.0625,0.0625
recall_at_1R_plus_0,frozen_svm,uncertainty,5,,OBSERVED,5,Exploratory; five-topic bootstrap intervals are unstable; nonsignificance is not equivalence. Minimum attainable two-sided p=0.0625 exceeds 0.05 for 5 nonzero pairs.,5.0,-0.149085936470999,-0.22394568451572422,-0.054262599802447534,10000.0,20260907.0,0.125,0.125,0.0625
recall_at_1R_plus_0,frozen_svm,auto_tar,5,,OBSERVED,5,Exploratory; five-topic bootstrap intervals are unstable; nonsignificance is not equivalence. Minimum attainable two-sided p=0.0625 exceeds 0.05 for 5 nonzero pairs.,5.0,-0.39514318513411334,-0.4904391060219143,-0.26955722043441066,10000.0,20260907.0,0.0625,0.0625,0.0625
recall_at_1R_plus_0,frozen_svm,fixed_20,5,,OBSERVED,5,Exploratory; five-topic bootstrap intervals are unstable; nonsignificance is not equivalence. Minimum attainable two-sided p=0.0625 exceeds 0.05 for 5 nonzero pairs.,5.0,-0.38883278329998766,-0.49845658611870236,-0.23103045039049622,10000.0,20260907.0,0.0625,0.0625,0.0625
recall_at_1R_plus_0,frozen_svm,explore_10,5,,OBSERVED,5,Exploratory; five-topic bootstrap intervals are unstable; nonsignificance is not equivalence. Minimum attainable two-sided p=0.0625 exceeds 0.05 for 5 nonzero pairs.,5.0,-0.37350400210866636,-0.4590723163506061,-0.25854113848432614,10000.0,20260907.0,0.0625,0.0625,0.0625
recall_at_1R_plus_0,uncertainty,auto_tar,5,,OBSERVED,5,Exploratory; five-topic bootstrap intervals are unstable; nonsignificance is not equivalence. Minimum attainable two-sided p=0.125 exceeds 0.05 for 4 nonzero pairs.,4.0,-0.24605724866311432,-0.3857936044262524,-0.10652074783401733,10000.0,20260907.0,0.125,0.125,0.125
recall_at_1R_plus_0,uncertainty,fixed_20,5,,OBSERVED,5,Exploratory; five-topic bootstrap intervals are unstable; nonsignificance is not equivalence. Minimum attainable two-sided p=0.0625 exceeds 0.05 for 5 nonzero pairs.,5.0,-0.23974684682898864,-0.39257652067288756,-0.07423867677163846,10000.0,20260907.0,0.125,0.125,0.0625
recall_at_1R_plus_0,uncertainty,explore_10,5,,OBSERVED,5,Exploratory; five-topic bootstrap intervals are unstable; nonsignificance is not equivalence. Minimum attainable two-sided p=0.125 exceeds 0.05 for 4 nonzero pairs.,4.0,-0.22441806563766736,-0.3623709726389627,-0.09193586982531707,10000.0,20260907.0,0.125,0.125,0.125
recall_at_1R_plus_0,auto_tar,fixed_20,5,,OBSERVED,5,Exploratory; five-topic bootstrap intervals are unstable; nonsignificance is not equivalence. Minimum attainable two-sided p=0.0625 exceeds 0.05 for 5 nonzero pairs.,5.0,0.006310401834125683,-0.013775557922447893,0.037714750414740594,10000.0,20260907.0,1.0,0.625,0.0625
recall_at_1R_plus_0,auto_tar,explore_10,5,,OBSERVED,5,Exploratory; five-topic bootstrap intervals are unstable; nonsignificance is not equivalence. Minimum attainable two-sided p=0.125 exceeds 0.05 for 4 nonzero pairs.,4.0,0.02163918302544694,0.00973514674302076,0.03136678967130817,10000.0,20260907.0,0.125,0.125,0.125
recall_at_1R_plus_0,fixed_20,explore_10,5,,OBSERVED,5,Exploratory; five-topic bootstrap intervals are unstable; nonsignificance is not equivalence. Minimum attainable two-sided p=0.0625 exceeds 0.05 for 5 nonzero pairs.,5.0,0.015328781191321257,-0.027510688093829977,0.03943242379000253,10000.0,20260907.0,0.5,0.625,0.0625
recall_at_1R_plus_100,random,seed_similarity,5,,OBSERVED,5,Exploratory; five-topic bootstrap intervals are unstable; nonsignificance is not equivalence. Minimum attainable two-sided p=0.0625 exceeds 0.05 for 5 nonzero pairs.,5.0,-0.21589711704285977,-0.2994191641455942,-0.1302295882645357,10000.0,20260907.0,0.0625,0.0625,0.0625
recall_at_1R_plus_100,random,frozen_svm,5,,OBSERVED,5,Exploratory; five-topic bootstrap intervals are unstable; nonsignificance is not equivalence. Minimum attainable two-sided p=0.0625 exceeds 0.05 for 5 nonzero pairs.,5.0,-0.20946217632220973,-0.272027296911215,-0.13757748231441752,10000.0,20260907.0,0.0625,0.0625,0.0625
recall_at_1R_plus_100,random,uncertainty,5,,OBSERVED,5,Exploratory; five-topic bootstrap intervals are unstable; nonsignificance is not equivalence. Minimum attainable two-sided p=0.0625 exceeds 0.05 for 5 nonzero pairs.,5.0,-0.3764906204599534,-0.4865012827233907,-0.26407738741166675,10000.0,20260907.0,0.0625,0.0625,0.0625
recall_at_1R_plus_100,random,auto_tar,5,,OBSERVED,5,Exploratory; five-topic bootstrap intervals are unstable; nonsignificance is not equivalence. Minimum attainable two-sided p=0.0625 exceeds 0.05 for 5 nonzero pairs.,5.0,-0.6197425362058776,-0.7345073701621366,-0.4179835044141922,10000.0,20260907.0,0.0625,0.0625,0.0625
recall_at_1R_plus_100,random,fixed_20,5,,OBSERVED,5,Exploratory; five-topic bootstrap intervals are unstable; nonsignificance is not equivalence. Minimum attainable two-sided p=0.0625 exceeds 0.05 for 5 nonzero pairs.,5.0,-0.6303266845208826,-0.7424507254178507,-0.43034177841312926,10000.0,20260907.0,0.0625,0.0625,0.0625
recall_at_1R_plus_100,random,explore_10,5,,OBSERVED,5,Exploratory; five-topic bootstrap intervals are unstable; nonsignificance is not equivalence. Minimum attainable two-sided p=0.0625 exceeds 0.05 for 5 nonzero pairs.,5.0,-0.5990945520866591,-0.7082229440990604,-0.40835966932704837,10000.0,20260907.0,0.0625,0.0625,0.0625
recall_at_1R_plus_100,seed_similarity,frozen_svm,5,,OBSERVED,5,Exploratory; five-topic bootstrap intervals are unstable; nonsignificance is not equivalence. Minimum attainable two-sided p=0.0625 exceeds 0.05 for 5 nonzero pairs.,5.0,0.006434940720650062,-0.023069111468146854,0.05868209874077834,10000.0,20260907.0,1.0,0.625,0.0625
recall_at_1R_plus_100,seed_similarity,uncertainty,5,,OBSERVED,5,Exploratory; five-topic bootstrap intervals are unstable; nonsignificance is not equivalence. Minimum attainable two-sided p=0.0625 exceeds 0.05 for 5 nonzero pairs.,5.0,-0.1605935034170936,-0.2713212636577551,-0.006958606125418815,10000.0,20260907.0,0.125,0.125,0.0625
recall_at_1R_plus_100,seed_similarity,auto_tar,5,,OBSERVED,5,Exploratory; five-topic bootstrap intervals are unstable; nonsignificance is not equivalence. Minimum attainable two-sided p=0.0625 exceeds 0.05 for 5 nonzero pairs.,5.0,-0.40384541916301786,-0.5138394685268729,-0.2733135067093347,10000.0,20260907.0,0.0625,0.0625,0.0625
recall_at_1R_plus_100,seed_similarity,fixed_20,5,,OBSERVED,5,Exploratory; five-topic bootstrap intervals are unstable; nonsignificance is not equivalence. Minimum attainable two-sided p=0.0625 exceeds 0.05 for 5 nonzero pairs.,5.0,-0.41442956747802284,-0.5211838800191291,-0.2859707249896755,10000.0,20260907.0,0.0625,0.0625,0.0625
recall_at_1R_plus_100,seed_similarity,explore_10,5,,OBSERVED,5,Exploratory; five-topic bootstrap intervals are unstable; nonsignificance is not equivalence. Minimum attainable two-sided p=0.0625 exceeds 0.05 for 5 nonzero pairs.,5.0,-0.3831974350437993,-0.48518450810215763,-0.2644205188637135,10000.0,20260907.0,0.0625,0.0625,0.0625
recall_at_1R_plus_100,frozen_svm,uncertainty,5,,OBSERVED,5,Exploratory; five-topic bootstrap intervals are unstable; nonsignificance is not equivalence. Minimum attainable two-sided p=0.0625 exceeds 0.05 for 5 nonzero pairs.,5.0,-0.16702844413774368,-0.24971979636022143,-0.06675743062626863,10000.0,20260907.0,0.125,0.125,0.0625
recall_at_1R_plus_100,frozen_svm,auto_tar,5,,OBSERVED,5,Exploratory; five-topic bootstrap intervals are unstable; nonsignificance is not equivalence. Minimum attainable two-sided p=0.0625 exceeds 0.05 for 5 nonzero pairs.,5.0,-0.4102803598836679,-0.5054511117573206,-0.27497578595927485,10000.0,20260907.0,0.0625,0.0625,0.0625
recall_at_1R_plus_100,frozen_svm,fixed_20,5,,OBSERVED,5,Exploratory; five-topic bootstrap intervals are unstable; nonsignificance is not equivalence. Minimum attainable two-sided p=0.0625 exceeds 0.05 for 5 nonzero pairs.,5.0,-0.42086450819867294,-0.5118496668972808,-0.29136551822241014,10000.0,20260907.0,0.0625,0.0625,0.0625
recall_at_1R_plus_100,frozen_svm,explore_10,5,,OBSERVED,5,Exploratory; five-topic bootstrap intervals are unstable; nonsignificance is not equivalence. Minimum attainable two-sided p=0.0625 exceeds 0.05 for 5 nonzero pairs.,5.0,-0.38963237576444937,-0.47550438307879245,-0.2682248455302351,10000.0,20260907.0,0.0625,0.0625,0.0625
recall_at_1R_plus_100,uncertainty,auto_tar,5,,OBSERVED,5,Exploratory; five-topic bootstrap intervals are unstable; nonsignificance is not equivalence. Minimum attainable two-sided p=0.0625 exceeds 0.05 for 5 nonzero pairs.,5.0,-0.24325191574592422,-0.37942806679695,-0.0970164443730248,10000.0,20260907.0,0.125,0.125,0.0625
recall_at_1R_plus_100,uncertainty,fixed_20,5,,OBSERVED,5,Exploratory; five-topic bootstrap intervals are unstable; nonsignificance is not equivalence. Minimum attainable two-sided p=0.0625 exceeds 0.05 for 5 nonzero pairs.,5.0,-0.25383606406092923,-0.39122982739298323,-0.11124077537991942,10000.0,20260907.0,0.0625,0.0625,0.0625
recall_at_1R_plus_100,uncertainty,explore_10,5,,OBSERVED,5,Exploratory; five-topic bootstrap intervals are unstable; nonsignificance is not equivalence. Minimum attainable two-sided p=0.0625 exceeds 0.05 for 5 nonzero pairs.,5.0,-0.22260393162670566,-0.36343529747911185,-0.08167958011679004,10000.0,20260907.0,0.125,0.125,0.0625
recall_at_1R_plus_100,auto_tar,fixed_20,5,,OBSERVED,5,Exploratory; five-topic bootstrap intervals are unstable; nonsignificance is not equivalence. Minimum attainable two-sided p=0.0625 exceeds 0.05 for 5 nonzero pairs.,5.0,-0.010584148315005001,-0.014704210071372093,-0.006464086558637913,10000.0,20260907.0,0.0625,0.0625,0.0625
recall_at_1R_plus_100,auto_tar,explore_10,5,,OBSERVED,5,Exploratory; five-topic bootstrap intervals are unstable; nonsignificance is not equivalence. Minimum attainable two-sided p=0.125 exceeds 0.05 for 4 nonzero pairs.,4.0,0.020647984119218563,0.009973753280839895,0.02998858769115629,10000.0,20260907.0,0.125,0.125,0.125
recall_at_1R_plus_100,fixed_20,explore_10,5,,OBSERVED,5,Exploratory; five-topic bootstrap intervals are unstable; nonsignificance is not equivalence. Minimum attainable two-sided p=0.0625 exceeds 0.05 for 5 nonzero pairs.,5.0,0.031232132434223566,0.02181433915137105,0.038997950900096404,10000.0,20260907.0,0.0625,0.0625,0.0625
recall_at_1R_plus_1000,random,seed_similarity,5,C15,NOT_COMPUTED_CENSORED,0,No inference on a complete-case subset; censored topics listed.,,,,,,,,,
recall_at_1R_plus_1000,random,frozen_svm,5,C15,NOT_COMPUTED_CENSORED,0,No inference on a complete-case subset; censored topics listed.,,,,,,,,,
recall_at_1R_plus_1000,random,uncertainty,5,C15,NOT_COMPUTED_CENSORED,0,No inference on a complete-case subset; censored topics listed.,,,,,,,,,
recall_at_1R_plus_1000,random,auto_tar,5,C15,NOT_COMPUTED_CENSORED,0,No inference on a complete-case subset; censored topics listed.,,,,,,,,,
recall_at_1R_plus_1000,random,fixed_20,5,C15,NOT_COMPUTED_CENSORED,0,No inference on a complete-case subset; censored topics listed.,,,,,,,,,
recall_at_1R_plus_1000,random,explore_10,5,C15,NOT_COMPUTED_CENSORED,0,No inference on a complete-case subset; censored topics listed.,,,,,,,,,
recall_at_1R_plus_1000,seed_similarity,frozen_svm,5,C15,NOT_COMPUTED_CENSORED,0,No inference on a complete-case subset; censored topics listed.,,,,,,,,,
recall_at_1R_plus_1000,seed_similarity,uncertainty,5,C15,NOT_COMPUTED_CENSORED,0,No inference on a complete-case subset; censored topics listed.,,,,,,,,,
recall_at_1R_plus_1000,seed_similarity,auto_tar,5,C15,NOT_COMPUTED_CENSORED,0,No inference on a complete-case subset; censored topics listed.,,,,,,,,,
recall_at_1R_plus_1000,seed_similarity,fixed_20,5,C15,NOT_COMPUTED_CENSORED,0,No inference on a complete-case subset; censored topics listed.,,,,,,,,,
recall_at_1R_plus_1000,seed_similarity,explore_10,5,C15,NOT_COMPUTED_CENSORED,0,No inference on a complete-case subset; censored topics listed.,,,,,,,,,
recall_at_1R_plus_1000,frozen_svm,uncertainty,5,C15,NOT_COMPUTED_CENSORED,0,No inference on a complete-case subset; censored topics listed.,,,,,,,,,
recall_at_1R_plus_1000,frozen_svm,auto_tar,5,C15,NOT_COMPUTED_CENSORED,0,No inference on a complete-case subset; censored topics listed.,,,,,,,,,
recall_at_1R_plus_1000,frozen_svm,fixed_20,5,C15,NOT_COMPUTED_CENSORED,0,No inference on a complete-case subset; censored topics listed.,,,,,,,,,
recall_at_1R_plus_1000,frozen_svm,explore_10,5,C15,NOT_COMPUTED_CENSORED,0,No inference on a complete-case subset; censored topics listed.,,,,,,,,,
recall_at_1R_plus_1000,uncertainty,auto_tar,5,C15,NOT_COMPUTED_CENSORED,0,No inference on a complete-case subset; censored topics listed.,,,,,,,,,
recall_at_1R_plus_1000,uncertainty,fixed_20,5,C15,NOT_COMPUTED_CENSORED,0,No inference on a complete-case subset; censored topics listed.,,,,,,,,,
recall_at_1R_plus_1000,uncertainty,explore_10,5,C15,NOT_COMPUTED_CENSORED,0,No inference on a complete-case subset; censored topics listed.,,,,,,,,,
recall_at_1R_plus_1000,auto_tar,fixed_20,5,C15,NOT_COMPUTED_CENSORED,0,No inference on a complete-case subset; censored topics listed.,,,,,,,,,
recall_at_1R_plus_1000,auto_tar,explore_10,5,C15,NOT_COMPUTED_CENSORED,0,No inference on a complete-case subset; censored topics listed.,,,,,,,,,
recall_at_1R_plus_1000,fixed_20,explore_10,5,C15,NOT_COMPUTED_CENSORED,0,No inference on a complete-case subset; censored topics listed.,,,,,,,,,
recall_at_2R,random,seed_similarity,5,C15,NOT_COMPUTED_CENSORED,0,No inference on a complete-case subset; censored topics listed.,,,,,,,,,
recall_at_2R,random,frozen_svm,5,C15,NOT_COMPUTED_CENSORED,0,No inference on a complete-case subset; censored topics listed.,,,,,,,,,
recall_at_2R,random,uncertainty,5,C15,NOT_COMPUTED_CENSORED,0,No inference on a complete-case subset; censored topics listed.,,,,,,,,,
recall_at_2R,random,auto_tar,5,C15,NOT_COMPUTED_CENSORED,0,No inference on a complete-case subset; censored topics listed.,,,,,,,,,
recall_at_2R,random,fixed_20,5,C15,NOT_COMPUTED_CENSORED,0,No inference on a complete-case subset; censored topics listed.,,,,,,,,,
recall_at_2R,random,explore_10,5,C15,NOT_COMPUTED_CENSORED,0,No inference on a complete-case subset; censored topics listed.,,,,,,,,,
recall_at_2R,seed_similarity,frozen_svm,5,C15,NOT_COMPUTED_CENSORED,0,No inference on a complete-case subset; censored topics listed.,,,,,,,,,
recall_at_2R,seed_similarity,uncertainty,5,C15,NOT_COMPUTED_CENSORED,0,No inference on a complete-case subset; censored topics listed.,,,,,,,,,
recall_at_2R,seed_similarity,auto_tar,5,C15,NOT_COMPUTED_CENSORED,0,No inference on a complete-case subset; censored topics listed.,,,,,,,,,
recall_at_2R,seed_similarity,fixed_20,5,C15,NOT_COMPUTED_CENSORED,0,No inference on a complete-case subset; censored topics listed.,,,,,,,,,
recall_at_2R,seed_similarity,explore_10,5,C15,NOT_COMPUTED_CENSORED,0,No inference on a complete-case subset; censored topics listed.,,,,,,,,,
recall_at_2R,frozen_svm,uncertainty,5,C15,NOT_COMPUTED_CENSORED,0,No inference on a complete-case subset; censored topics listed.,,,,,,,,,
recall_at_2R,frozen_svm,auto_tar,5,C15,NOT_COMPUTED_CENSORED,0,No inference on a complete-case subset; censored topics listed.,,,,,,,,,
recall_at_2R,frozen_svm,fixed_20,5,C15,NOT_COMPUTED_CENSORED,0,No inference on a complete-case subset; censored topics listed.,,,,,,,,,
recall_at_2R,frozen_svm,explore_10,5,C15,NOT_COMPUTED_CENSORED,0,No inference on a complete-case subset; censored topics listed.,,,,,,,,,
recall_at_2R,uncertainty,auto_tar,5,C15,NOT_COMPUTED_CENSORED,0,No inference on a complete-case subset; censored topics listed.,,,,,,,,,
recall_at_2R,uncertainty,fixed_20,5,C15,NOT_COMPUTED_CENSORED,0,No inference on a complete-case subset; censored topics listed.,,,,,,,,,
recall_at_2R,uncertainty,explore_10,5,C15,NOT_COMPUTED_CENSORED,0,No inference on a complete-case subset; censored topics listed.,,,,,,,,,
recall_at_2R,auto_tar,fixed_20,5,C15,NOT_COMPUTED_CENSORED,0,No inference on a complete-case subset; censored topics listed.,,,,,,,,,
recall_at_2R,auto_tar,explore_10,5,C15,NOT_COMPUTED_CENSORED,0,No inference on a complete-case subset; censored topics listed.,,,,,,,,,
recall_at_2R,fixed_20,explore_10,5,C15,NOT_COMPUTED_CENSORED,0,No inference on a complete-case subset; censored topics listed.,,,,,,,,,
recall_at_2R_plus_0,random,seed_similarity,5,C15,NOT_COMPUTED_CENSORED,0,No inference on a complete-case subset; censored topics listed.,,,,,,,,,
recall_at_2R_plus_0,random,frozen_svm,5,C15,NOT_COMPUTED_CENSORED,0,No inference on a complete-case subset; censored topics listed.,,,,,,,,,
recall_at_2R_plus_0,random,uncertainty,5,C15,NOT_COMPUTED_CENSORED,0,No inference on a complete-case subset; censored topics listed.,,,,,,,,,
recall_at_2R_plus_0,random,auto_tar,5,C15,NOT_COMPUTED_CENSORED,0,No inference on a complete-case subset; censored topics listed.,,,,,,,,,
recall_at_2R_plus_0,random,fixed_20,5,C15,NOT_COMPUTED_CENSORED,0,No inference on a complete-case subset; censored topics listed.,,,,,,,,,
recall_at_2R_plus_0,random,explore_10,5,C15,NOT_COMPUTED_CENSORED,0,No inference on a complete-case subset; censored topics listed.,,,,,,,,,
recall_at_2R_plus_0,seed_similarity,frozen_svm,5,C15,NOT_COMPUTED_CENSORED,0,No inference on a complete-case subset; censored topics listed.,,,,,,,,,
recall_at_2R_plus_0,seed_similarity,uncertainty,5,C15,NOT_COMPUTED_CENSORED,0,No inference on a complete-case subset; censored topics listed.,,,,,,,,,
recall_at_2R_plus_0,seed_similarity,auto_tar,5,C15,NOT_COMPUTED_CENSORED,0,No inference on a complete-case subset; censored topics listed.,,,,,,,,,
recall_at_2R_plus_0,seed_similarity,fixed_20,5,C15,NOT_COMPUTED_CENSORED,0,No inference on a complete-case subset; censored topics listed.,,,,,,,,,
recall_at_2R_plus_0,seed_similarity,explore_10,5,C15,NOT_COMPUTED_CENSORED,0,No inference on a complete-case subset; censored topics listed.,,,,,,,,,
recall_at_2R_plus_0,frozen_svm,uncertainty,5,C15,NOT_COMPUTED_CENSORED,0,No inference on a complete-case subset; censored topics listed.,,,,,,,,,
recall_at_2R_plus_0,frozen_svm,auto_tar,5,C15,NOT_COMPUTED_CENSORED,0,No inference on a complete-case subset; censored topics listed.,,,,,,,,,
recall_at_2R_plus_0,frozen_svm,fixed_20,5,C15,NOT_COMPUTED_CENSORED,0,No inference on a complete-case subset; censored topics listed.,,,,,,,,,
recall_at_2R_plus_0,frozen_svm,explore_10,5,C15,NOT_COMPUTED_CENSORED,0,No inference on a complete-case subset; censored topics listed.,,,,,,,,,
recall_at_2R_plus_0,uncertainty,auto_tar,5,C15,NOT_COMPUTED_CENSORED,0,No inference on a complete-case subset; censored topics listed.,,,,,,,,,
recall_at_2R_plus_0,uncertainty,fixed_20,5,C15,NOT_COMPUTED_CENSORED,0,No inference on a complete-case subset; censored topics listed.,,,,,,,,,
recall_at_2R_plus_0,uncertainty,explore_10,5,C15,NOT_COMPUTED_CENSORED,0,No inference on a complete-case subset; censored topics listed.,,,,,,,,,
recall_at_2R_plus_0,auto_tar,fixed_20,5,C15,NOT_COMPUTED_CENSORED,0,No inference on a complete-case subset; censored topics listed.,,,,,,,,,
recall_at_2R_plus_0,auto_tar,explore_10,5,C15,NOT_COMPUTED_CENSORED,0,No inference on a complete-case subset; censored topics listed.,,,,,,,,,
recall_at_2R_plus_0,fixed_20,explore_10,5,C15,NOT_COMPUTED_CENSORED,0,No inference on a complete-case subset; censored topics listed.,,,,,,,,,
recall_at_2R_plus_100,random,seed_similarity,5,C15,NOT_COMPUTED_CENSORED,0,No inference on a complete-case subset; censored topics listed.,,,,,,,,,
recall_at_2R_plus_100,random,frozen_svm,5,C15,NOT_COMPUTED_CENSORED,0,No inference on a complete-case subset; censored topics listed.,,,,,,,,,
recall_at_2R_plus_100,random,uncertainty,5,C15,NOT_COMPUTED_CENSORED,0,No inference on a complete-case subset; censored topics listed.,,,,,,,,,
recall_at_2R_plus_100,random,auto_tar,5,C15,NOT_COMPUTED_CENSORED,0,No inference on a complete-case subset; censored topics listed.,,,,,,,,,
recall_at_2R_plus_100,random,fixed_20,5,C15,NOT_COMPUTED_CENSORED,0,No inference on a complete-case subset; censored topics listed.,,,,,,,,,
recall_at_2R_plus_100,random,explore_10,5,C15,NOT_COMPUTED_CENSORED,0,No inference on a complete-case subset; censored topics listed.,,,,,,,,,
recall_at_2R_plus_100,seed_similarity,frozen_svm,5,C15,NOT_COMPUTED_CENSORED,0,No inference on a complete-case subset; censored topics listed.,,,,,,,,,
recall_at_2R_plus_100,seed_similarity,uncertainty,5,C15,NOT_COMPUTED_CENSORED,0,No inference on a complete-case subset; censored topics listed.,,,,,,,,,
recall_at_2R_plus_100,seed_similarity,auto_tar,5,C15,NOT_COMPUTED_CENSORED,0,No inference on a complete-case subset; censored topics listed.,,,,,,,,,
recall_at_2R_plus_100,seed_similarity,fixed_20,5,C15,NOT_COMPUTED_CENSORED,0,No inference on a complete-case subset; censored topics listed.,,,,,,,,,
recall_at_2R_plus_100,seed_similarity,explore_10,5,C15,NOT_COMPUTED_CENSORED,0,No inference on a complete-case subset; censored topics listed.,,,,,,,,,
recall_at_2R_plus_100,frozen_svm,uncertainty,5,C15,NOT_COMPUTED_CENSORED,0,No inference on a complete-case subset; censored topics listed.,,,,,,,,,
recall_at_2R_plus_100,frozen_svm,auto_tar,5,C15,NOT_COMPUTED_CENSORED,0,No inference on a complete-case subset; censored topics listed.,,,,,,,,,
recall_at_2R_plus_100,frozen_svm,fixed_20,5,C15,NOT_COMPUTED_CENSORED,0,No inference on a complete-case subset; censored topics listed.,,,,,,,,,
recall_at_2R_plus_100,frozen_svm,explore_10,5,C15,NOT_COMPUTED_CENSORED,0,No inference on a complete-case subset; censored topics listed.,,,,,,,,,
recall_at_2R_plus_100,uncertainty,auto_tar,5,C15,NOT_COMPUTED_CENSORED,0,No inference on a complete-case subset; censored topics listed.,,,,,,,,,
recall_at_2R_plus_100,uncertainty,fixed_20,5,C15,NOT_COMPUTED_CENSORED,0,No inference on a complete-case subset; censored topics listed.,,,,,,,,,
recall_at_2R_plus_100,uncertainty,explore_10,5,C15,NOT_COMPUTED_CENSORED,0,No inference on a complete-case subset; censored topics listed.,,,,,,,,,
recall_at_2R_plus_100,auto_tar,fixed_20,5,C15,NOT_COMPUTED_CENSORED,0,No inference on a complete-case subset; censored topics listed.,,,,,,,,,
recall_at_2R_plus_100,auto_tar,explore_10,5,C15,NOT_COMPUTED_CENSORED,0,No inference on a complete-case subset; censored topics listed.,,,,,,,,,
recall_at_2R_plus_100,fixed_20,explore_10,5,C15,NOT_COMPUTED_CENSORED,0,No inference on a complete-case subset; censored topics listed.,,,,,,,,,
recall_at_2R_plus_1000,random,seed_similarity,5,C15,NOT_COMPUTED_CENSORED,0,No inference on a complete-case subset; censored topics listed.,,,,,,,,,
recall_at_2R_plus_1000,random,frozen_svm,5,C15,NOT_COMPUTED_CENSORED,0,No inference on a complete-case subset; censored topics listed.,,,,,,,,,
recall_at_2R_plus_1000,random,uncertainty,5,C15,NOT_COMPUTED_CENSORED,0,No inference on a complete-case subset; censored topics listed.,,,,,,,,,
recall_at_2R_plus_1000,random,auto_tar,5,C15,NOT_COMPUTED_CENSORED,0,No inference on a complete-case subset; censored topics listed.,,,,,,,,,
recall_at_2R_plus_1000,random,fixed_20,5,C15,NOT_COMPUTED_CENSORED,0,No inference on a complete-case subset; censored topics listed.,,,,,,,,,
recall_at_2R_plus_1000,random,explore_10,5,C15,NOT_COMPUTED_CENSORED,0,No inference on a complete-case subset; censored topics listed.,,,,,,,,,
recall_at_2R_plus_1000,seed_similarity,frozen_svm,5,C15,NOT_COMPUTED_CENSORED,0,No inference on a complete-case subset; censored topics listed.,,,,,,,,,
recall_at_2R_plus_1000,seed_similarity,uncertainty,5,C15,NOT_COMPUTED_CENSORED,0,No inference on a complete-case subset; censored topics listed.,,,,,,,,,
recall_at_2R_plus_1000,seed_similarity,auto_tar,5,C15,NOT_COMPUTED_CENSORED,0,No inference on a complete-case subset; censored topics listed.,,,,,,,,,
recall_at_2R_plus_1000,seed_similarity,fixed_20,5,C15,NOT_COMPUTED_CENSORED,0,No inference on a complete-case subset; censored topics listed.,,,,,,,,,
recall_at_2R_plus_1000,seed_similarity,explore_10,5,C15,NOT_COMPUTED_CENSORED,0,No inference on a complete-case subset; censored topics listed.,,,,,,,,,
recall_at_2R_plus_1000,frozen_svm,uncertainty,5,C15,NOT_COMPUTED_CENSORED,0,No inference on a complete-case subset; censored topics listed.,,,,,,,,,
recall_at_2R_plus_1000,frozen_svm,auto_tar,5,C15,NOT_COMPUTED_CENSORED,0,No inference on a complete-case subset; censored topics listed.,,,,,,,,,
recall_at_2R_plus_1000,frozen_svm,fixed_20,5,C15,NOT_COMPUTED_CENSORED,0,No inference on a complete-case subset; censored topics listed.,,,,,,,,,
recall_at_2R_plus_1000,frozen_svm,explore_10,5,C15,NOT_COMPUTED_CENSORED,0,No inference on a complete-case subset; censored topics listed.,,,,,,,,,
recall_at_2R_plus_1000,uncertainty,auto_tar,5,C15,NOT_COMPUTED_CENSORED,0,No inference on a complete-case subset; censored topics listed.,,,,,,,,,
recall_at_2R_plus_1000,uncertainty,fixed_20,5,C15,NOT_COMPUTED_CENSORED,0,No inference on a complete-case subset; censored topics listed.,,,,,,,,,
recall_at_2R_plus_1000,uncertainty,explore_10,5,C15,NOT_COMPUTED_CENSORED,0,No inference on a complete-case subset; censored topics listed.,,,,,,,,,
recall_at_2R_plus_1000,auto_tar,fixed_20,5,C15,NOT_COMPUTED_CENSORED,0,No inference on a complete-case subset; censored topics listed.,,,,,,,,,
recall_at_2R_plus_1000,auto_tar,explore_10,5,C15,NOT_COMPUTED_CENSORED,0,No inference on a complete-case subset; censored topics listed.,,,,,,,,,
recall_at_2R_plus_1000,fixed_20,explore_10,5,C15,NOT_COMPUTED_CENSORED,0,No inference on a complete-case subset; censored topics listed.,,,,,,,,,
recall_at_4R_plus_0,random,seed_similarity,5,"C15,C18",NOT_COMPUTED_CENSORED,0,No inference on a complete-case subset; censored topics listed.,,,,,,,,,
recall_at_4R_plus_0,random,frozen_svm,5,"C15,C18",NOT_COMPUTED_CENSORED,0,No inference on a complete-case subset; censored topics listed.,,,,,,,,,
recall_at_4R_plus_0,random,uncertainty,5,"C15,C18",NOT_COMPUTED_CENSORED,0,No inference on a complete-case subset; censored topics listed.,,,,,,,,,
recall_at_4R_plus_0,random,auto_tar,5,"C15,C18",NOT_COMPUTED_CENSORED,0,No inference on a complete-case subset; censored topics listed.,,,,,,,,,
recall_at_4R_plus_0,random,fixed_20,5,"C15,C18",NOT_COMPUTED_CENSORED,0,No inference on a complete-case subset; censored topics listed.,,,,,,,,,
recall_at_4R_plus_0,random,explore_10,5,"C15,C18",NOT_COMPUTED_CENSORED,0,No inference on a complete-case subset; censored topics listed.,,,,,,,,,
recall_at_4R_plus_0,seed_similarity,frozen_svm,5,"C15,C18",NOT_COMPUTED_CENSORED,0,No inference on a complete-case subset; censored topics listed.,,,,,,,,,
recall_at_4R_plus_0,seed_similarity,uncertainty,5,"C15,C18",NOT_COMPUTED_CENSORED,0,No inference on a complete-case subset; censored topics listed.,,,,,,,,,
recall_at_4R_plus_0,seed_similarity,auto_tar,5,"C15,C18",NOT_COMPUTED_CENSORED,0,No inference on a complete-case subset; censored topics listed.,,,,,,,,,
recall_at_4R_plus_0,seed_similarity,fixed_20,5,"C15,C18",NOT_COMPUTED_CENSORED,0,No inference on a complete-case subset; censored topics listed.,,,,,,,,,
recall_at_4R_plus_0,seed_similarity,explore_10,5,"C15,C18",NOT_COMPUTED_CENSORED,0,No inference on a complete-case subset; censored topics listed.,,,,,,,,,
recall_at_4R_plus_0,frozen_svm,uncertainty,5,"C15,C18",NOT_COMPUTED_CENSORED,0,No inference on a complete-case subset; censored topics listed.,,,,,,,,,
recall_at_4R_plus_0,frozen_svm,auto_tar,5,"C15,C18",NOT_COMPUTED_CENSORED,0,No inference on a complete-case subset; censored topics listed.,,,,,,,,,
recall_at_4R_plus_0,frozen_svm,fixed_20,5,"C15,C18",NOT_COMPUTED_CENSORED,0,No inference on a complete-case subset; censored topics listed.,,,,,,,,,
recall_at_4R_plus_0,frozen_svm,explore_10,5,"C15,C18",NOT_COMPUTED_CENSORED,0,No inference on a complete-case subset; censored topics listed.,,,,,,,,,
recall_at_4R_plus_0,uncertainty,auto_tar,5,"C15,C18",NOT_COMPUTED_CENSORED,0,No inference on a complete-case subset; censored topics listed.,,,,,,,,,
recall_at_4R_plus_0,uncertainty,fixed_20,5,"C15,C18",NOT_COMPUTED_CENSORED,0,No inference on a complete-case subset; censored topics listed.,,,,,,,,,
recall_at_4R_plus_0,uncertainty,explore_10,5,"C15,C18",NOT_COMPUTED_CENSORED,0,No inference on a complete-case subset; censored topics listed.,,,,,,,,,
recall_at_4R_plus_0,auto_tar,fixed_20,5,"C15,C18",NOT_COMPUTED_CENSORED,0,No inference on a complete-case subset; censored topics listed.,,,,,,,,,
recall_at_4R_plus_0,auto_tar,explore_10,5,"C15,C18",NOT_COMPUTED_CENSORED,0,No inference on a complete-case subset; censored topics listed.,,,,,,,,,
recall_at_4R_plus_0,fixed_20,explore_10,5,"C15,C18",NOT_COMPUTED_CENSORED,0,No inference on a complete-case subset; censored topics listed.,,,,,,,,,
recall_at_4R_plus_100,random,seed_similarity,5,"C15,C18",NOT_COMPUTED_CENSORED,0,No inference on a complete-case subset; censored topics listed.,,,,,,,,,
recall_at_4R_plus_100,random,frozen_svm,5,"C15,C18",NOT_COMPUTED_CENSORED,0,No inference on a complete-case subset; censored topics listed.,,,,,,,,,
recall_at_4R_plus_100,random,uncertainty,5,"C15,C18",NOT_COMPUTED_CENSORED,0,No inference on a complete-case subset; censored topics listed.,,,,,,,,,
recall_at_4R_plus_100,random,auto_tar,5,"C15,C18",NOT_COMPUTED_CENSORED,0,No inference on a complete-case subset; censored topics listed.,,,,,,,,,
recall_at_4R_plus_100,random,fixed_20,5,"C15,C18",NOT_COMPUTED_CENSORED,0,No inference on a complete-case subset; censored topics listed.,,,,,,,,,
recall_at_4R_plus_100,random,explore_10,5,"C15,C18",NOT_COMPUTED_CENSORED,0,No inference on a complete-case subset; censored topics listed.,,,,,,,,,
recall_at_4R_plus_100,seed_similarity,frozen_svm,5,"C15,C18",NOT_COMPUTED_CENSORED,0,No inference on a complete-case subset; censored topics listed.,,,,,,,,,
recall_at_4R_plus_100,seed_similarity,uncertainty,5,"C15,C18",NOT_COMPUTED_CENSORED,0,No inference on a complete-case subset; censored topics listed.,,,,,,,,,
recall_at_4R_plus_100,seed_similarity,auto_tar,5,"C15,C18",NOT_COMPUTED_CENSORED,0,No inference on a complete-case subset; censored topics listed.,,,,,,,,,
recall_at_4R_plus_100,seed_similarity,fixed_20,5,"C15,C18",NOT_COMPUTED_CENSORED,0,No inference on a complete-case subset; censored topics listed.,,,,,,,,,
recall_at_4R_plus_100,seed_similarity,explore_10,5,"C15,C18",NOT_COMPUTED_CENSORED,0,No inference on a complete-case subset; censored topics listed.,,,,,,,,,
recall_at_4R_plus_100,frozen_svm,uncertainty,5,"C15,C18",NOT_COMPUTED_CENSORED,0,No inference on a complete-case subset; censored topics listed.,,,,,,,,,
recall_at_4R_plus_100,frozen_svm,auto_tar,5,"C15,C18",NOT_COMPUTED_CENSORED,0,No inference on a complete-case subset; censored topics listed.,,,,,,,,,
recall_at_4R_plus_100,frozen_svm,fixed_20,5,"C15,C18",NOT_COMPUTED_CENSORED,0,No inference on a complete-case subset; censored topics listed.,,,,,,,,,
recall_at_4R_plus_100,frozen_svm,explore_10,5,"C15,C18",NOT_COMPUTED_CENSORED,0,No inference on a complete-case subset; censored topics listed.,,,,,,,,,
recall_at_4R_plus_100,uncertainty,auto_tar,5,"C15,C18",NOT_COMPUTED_CENSORED,0,No inference on a complete-case subset; censored topics listed.,,,,,,,,,
recall_at_4R_plus_100,uncertainty,fixed_20,5,"C15,C18",NOT_COMPUTED_CENSORED,0,No inference on a complete-case subset; censored topics listed.,,,,,,,,,
recall_at_4R_plus_100,uncertainty,explore_10,5,"C15,C18",NOT_COMPUTED_CENSORED,0,No inference on a complete-case subset; censored topics listed.,,,,,,,,,
recall_at_4R_plus_100,auto_tar,fixed_20,5,"C15,C18",NOT_COMPUTED_CENSORED,0,No inference on a complete-case subset; censored topics listed.,,,,,,,,,
recall_at_4R_plus_100,auto_tar,explore_10,5,"C15,C18",NOT_COMPUTED_CENSORED,0,No inference on a complete-case subset; censored topics listed.,,,,,,,,,
recall_at_4R_plus_100,fixed_20,explore_10,5,"C15,C18",NOT_COMPUTED_CENSORED,0,No inference on a complete-case subset; censored topics listed.,,,,,,,,,
recall_at_4R_plus_1000,random,seed_similarity,5,"C15,C18,GCRIM",NOT_COMPUTED_CENSORED,0,No inference on a complete-case subset; censored topics listed.,,,,,,,,,
recall_at_4R_plus_1000,random,frozen_svm,5,"C15,C18,GCRIM",NOT_COMPUTED_CENSORED,0,No inference on a complete-case subset; censored topics listed.,,,,,,,,,
recall_at_4R_plus_1000,random,uncertainty,5,"C15,C18,GCRIM",NOT_COMPUTED_CENSORED,0,No inference on a complete-case subset; censored topics listed.,,,,,,,,,
recall_at_4R_plus_1000,random,auto_tar,5,"C15,C18,GCRIM",NOT_COMPUTED_CENSORED,0,No inference on a complete-case subset; censored topics listed.,,,,,,,,,
recall_at_4R_plus_1000,random,fixed_20,5,"C15,C18,GCRIM",NOT_COMPUTED_CENSORED,0,No inference on a complete-case subset; censored topics listed.,,,,,,,,,
recall_at_4R_plus_1000,random,explore_10,5,"C15,C18,GCRIM",NOT_COMPUTED_CENSORED,0,No inference on a complete-case subset; censored topics listed.,,,,,,,,,
recall_at_4R_plus_1000,seed_similarity,frozen_svm,5,"C15,C18,GCRIM",NOT_COMPUTED_CENSORED,0,No inference on a complete-case subset; censored topics listed.,,,,,,,,,
recall_at_4R_plus_1000,seed_similarity,uncertainty,5,"C15,C18,GCRIM",NOT_COMPUTED_CENSORED,0,No inference on a complete-case subset; censored topics listed.,,,,,,,,,
recall_at_4R_plus_1000,seed_similarity,auto_tar,5,"C15,C18,GCRIM",NOT_COMPUTED_CENSORED,0,No inference on a complete-case subset; censored topics listed.,,,,,,,,,
recall_at_4R_plus_1000,seed_similarity,fixed_20,5,"C15,C18,GCRIM",NOT_COMPUTED_CENSORED,0,No inference on a complete-case subset; censored topics listed.,,,,,,,,,
recall_at_4R_plus_1000,seed_similarity,explore_10,5,"C15,C18,GCRIM",NOT_COMPUTED_CENSORED,0,No inference on a complete-case subset; censored topics listed.,,,,,,,,,
recall_at_4R_plus_1000,frozen_svm,uncertainty,5,"C15,C18,GCRIM",NOT_COMPUTED_CENSORED,0,No inference on a complete-case subset; censored topics listed.,,,,,,,,,
recall_at_4R_plus_1000,frozen_svm,auto_tar,5,"C15,C18,GCRIM",NOT_COMPUTED_CENSORED,0,No inference on a complete-case subset; censored topics listed.,,,,,,,,,
recall_at_4R_plus_1000,frozen_svm,fixed_20,5,"C15,C18,GCRIM",NOT_COMPUTED_CENSORED,0,No inference on a complete-case subset; censored topics listed.,,,,,,,,,
recall_at_4R_plus_1000,frozen_svm,explore_10,5,"C15,C18,GCRIM",NOT_COMPUTED_CENSORED,0,No inference on a complete-case subset; censored topics listed.,,,,,,,,,
recall_at_4R_plus_1000,uncertainty,auto_tar,5,"C15,C18,GCRIM",NOT_COMPUTED_CENSORED,0,No inference on a complete-case subset; censored topics listed.,,,,,,,,,
recall_at_4R_plus_1000,uncertainty,fixed_20,5,"C15,C18,GCRIM",NOT_COMPUTED_CENSORED,0,No inference on a complete-case subset; censored topics listed.,,,,,,,,,
recall_at_4R_plus_1000,uncertainty,explore_10,5,"C15,C18,GCRIM",NOT_COMPUTED_CENSORED,0,No inference on a complete-case subset; censored topics listed.,,,,,,,,,
recall_at_4R_plus_1000,auto_tar,fixed_20,5,"C15,C18,GCRIM",NOT_COMPUTED_CENSORED,0,No inference on a complete-case subset; censored topics listed.,,,,,,,,,
recall_at_4R_plus_1000,auto_tar,explore_10,5,"C15,C18,GCRIM",NOT_COMPUTED_CENSORED,0,No inference on a complete-case subset; censored topics listed.,,,,,,,,,
recall_at_4R_plus_1000,fixed_20,explore_10,5,"C15,C18,GCRIM",NOT_COMPUTED_CENSORED,0,No inference on a complete-case subset; censored topics listed.,,,,,,,,,
recall_at_R,random,seed_similarity,5,,OBSERVED,5,Exploratory; five-topic bootstrap intervals are unstable; nonsignificance is not equivalence. Minimum attainable two-sided p=0.125 exceeds 0.05 for 4 nonzero pairs.,4.0,-0.19547696416159233,-0.28489585781157933,-0.08618331053351573,10000.0,20260907.0,0.125,0.125,0.125
recall_at_R,random,frozen_svm,5,,OBSERVED,5,Exploratory; five-topic bootstrap intervals are unstable; nonsignificance is not equivalence. Minimum attainable two-sided p=0.0625 exceeds 0.05 for 5 nonzero pairs.,5.0,-0.1868960068822518,-0.25743447390387075,-0.09035111160579094,10000.0,20260907.0,0.0625,0.0625,0.0625
recall_at_R,random,uncertainty,5,,OBSERVED,5,Exploratory; five-topic bootstrap intervals are unstable; nonsignificance is not equivalence. Minimum attainable two-sided p=0.0625 exceeds 0.05 for 5 nonzero pairs.,5.0,-0.3359819433532508,-0.43971913900234866,-0.2218457091846906,10000.0,20260907.0,0.0625,0.0625,0.0625
recall_at_R,random,auto_tar,5,,OBSERVED,5,Exploratory; five-topic bootstrap intervals are unstable; nonsignificance is not equivalence. Minimum attainable two-sided p=0.0625 exceeds 0.05 for 5 nonzero pairs.,5.0,-0.5820391920163651,-0.7094006530635306,-0.36689732910860606,10000.0,20260907.0,0.0625,0.0625,0.0625
recall_at_R,random,fixed_20,5,,OBSERVED,5,Exploratory; five-topic bootstrap intervals are unstable; nonsignificance is not equivalence. Minimum attainable two-sided p=0.0625 exceeds 0.05 for 5 nonzero pairs.,5.0,-0.5757287901822394,-0.7187983444183761,-0.32918257869386547,10000.0,20260907.0,0.0625,0.0625,0.0625
recall_at_R,random,explore_10,5,,OBSERVED,5,Exploratory; five-topic bootstrap intervals are unstable; nonsignificance is not equivalence. Minimum attainable two-sided p=0.0625 exceeds 0.05 for 5 nonzero pairs.,5.0,-0.5604000089909182,-0.6798348362062635,-0.35716218236558533,10000.0,20260907.0,0.0625,0.0625,0.0625
recall_at_R,seed_similarity,frozen_svm,5,,OBSERVED,5,Exploratory; five-topic bootstrap intervals are unstable; nonsignificance is not equivalence. Minimum attainable two-sided p=0.0625 exceeds 0.05 for 5 nonzero pairs.,5.0,0.008580957279340523,-0.020852985409404425,0.05961666851945015,10000.0,20260907.0,1.0,0.625,0.0625
recall_at_R,seed_similarity,uncertainty,5,,OBSERVED,5,Exploratory; five-topic bootstrap intervals are unstable; nonsignificance is not equivalence. Minimum attainable two-sided p=0.0625 exceeds 0.05 for 5 nonzero pairs.,5.0,-0.14050497919165847,-0.2406906299948909,0.004595372102812206,10000.0,20260907.0,0.125,0.125,0.0625
recall_at_R,seed_similarity,auto_tar,5,,OBSERVED,5,Exploratory; five-topic bootstrap intervals are unstable; nonsignificance is not equivalence. Minimum attainable two-sided p=0.0625 exceeds 0.05 for 5 nonzero pairs.,5.0,-0.3865622278547728,-0.4933560168577258,-0.2615321706631236,10000.0,20260907.0,0.0625,0.0625,0.0625
recall_at_R,seed_similarity,fixed_20,5,,OBSERVED,5,Exploratory; five-topic bootstrap intervals are unstable; nonsignificance is not equivalence. Minimum attainable two-sided p=0.0625 exceeds 0.05 for 5 nonzero pairs.,5.0,-0.3802518260206471,-0.5056286397504728,-0.22572132798855876,10000.0,20260907.0,0.0625,0.0625,0.0625
recall_at_R,seed_similarity,explore_10,5,,OBSERVED,5,Exploratory; five-topic bootstrap intervals are unstable; nonsignificance is not equivalence. Minimum attainable two-sided p=0.0625 exceeds 0.05 for 5 nonzero pairs.,5.0,-0.36492304482932586,-0.46688103977118345,-0.25090906958776127,10000.0,20260907.0,0.0625,0.0625,0.0625
recall_at_R,frozen_svm,uncertainty,5,,OBSERVED,5,Exploratory; five-topic bootstrap intervals are unstable; nonsignificance is not equivalence. Minimum attainable two-sided p=0.0625 exceeds 0.05 for 5 nonzero pairs.,5.0,-0.149085936470999,-0.22063258522481632,-0.054262599802447534,10000.0,20260907.0,0.125,0.125,0.0625
recall_at_R,frozen_svm,auto_tar,5,,OBSERVED,5,Exploratory; five-topic bootstrap intervals are unstable; nonsignificance is not equivalence. Minimum attainable two-sided p=0.0625 exceeds 0.05 for 5 nonzero pairs.,5.0,-0.39514318513411334,-0.4904391060219142,-0.26955722043441066,10000.0,20260907.0,0.0625,0.0625,0.0625
recall_at_R,frozen_svm,fixed_20,5,,OBSERVED,5,Exploratory; five-topic bootstrap intervals are unstable; nonsignificance is not equivalence. Minimum attainable two-sided p=0.0625 exceeds 0.05 for 5 nonzero pairs.,5.0,-0.38883278329998766,-0.49845658611870236,-0.23103045039049616,10000.0,20260907.0,0.0625,0.0625,0.0625
recall_at_R,frozen_svm,explore_10,5,,OBSERVED,5,Exploratory; five-topic bootstrap intervals are unstable; nonsignificance is not equivalence. Minimum attainable two-sided p=0.0625 exceeds 0.05 for 5 nonzero pairs.,5.0,-0.37350400210866636,-0.4590723163506061,-0.25854113848432614,10000.0,20260907.0,0.0625,0.0625,0.0625
recall_at_R,uncertainty,auto_tar,5,,OBSERVED,5,Exploratory; five-topic bootstrap intervals are unstable; nonsignificance is not equivalence. Minimum attainable two-sided p=0.125 exceeds 0.05 for 4 nonzero pairs.,4.0,-0.24605724866311432,-0.3857936044262524,-0.10652074783401733,10000.0,20260907.0,0.125,0.125,0.125
recall_at_R,uncertainty,fixed_20,5,,OBSERVED,5,Exploratory; five-topic bootstrap intervals are unstable; nonsignificance is not equivalence. Minimum attainable two-sided p=0.0625 exceeds 0.05 for 5 nonzero pairs.,5.0,-0.23974684682898864,-0.3925765206728876,-0.06643401546665176,10000.0,20260907.0,0.125,0.125,0.0625
recall_at_R,uncertainty,explore_10,5,,OBSERVED,5,Exploratory; five-topic bootstrap intervals are unstable; nonsignificance is not equivalence. Minimum attainable two-sided p=0.125 exceeds 0.05 for 4 nonzero pairs.,4.0,-0.22441806563766736,-0.3623709726389627,-0.09193586982531707,10000.0,20260907.0,0.125,0.125,0.125
recall_at_R,auto_tar,fixed_20,5,,OBSERVED,5,Exploratory; five-topic bootstrap intervals are unstable; nonsignificance is not equivalence. Minimum attainable two-sided p=0.0625 exceeds 0.05 for 5 nonzero pairs.,5.0,0.006310401834125683,-0.013431612505723218,0.037714750414740594,10000.0,20260907.0,1.0,0.625,0.0625
recall_at_R,auto_tar,explore_10,5,,OBSERVED,5,Exploratory; five-topic bootstrap intervals are unstable; nonsignificance is not equivalence. Minimum attainable two-sided p=0.125 exceeds 0.05 for 4 nonzero pairs.,4.0,0.02163918302544694,0.00973514674302076,0.03175977054603034,10000.0,20260907.0,0.125,0.125,0.125
recall_at_R,fixed_20,explore_10,5,,OBSERVED,5,Exploratory; five-topic bootstrap intervals are unstable; nonsignificance is not equivalence. Minimum attainable two-sided p=0.0625 exceeds 0.05 for 5 nonzero pairs.,5.0,0.015328781191321257,-0.026825864283116806,0.03943242379000253,10000.0,20260907.0,0.5,0.625,0.0625
