n,positives,reviewed,found_at_20,precision_at_20,recall_at_20,found_at_100,precision_at_100,recall_at_100,found_at_500,precision_at_500,recall_at_500,found_at_1000,precision_at_1000,recall_at_1000,found_at_2000,precision_at_2000,recall_at_2000,found_at_5000,precision_at_5000,recall_at_5000,effort_at_75,wss_at_75,effort_at_90,wss_at_90,topic,seed,policy,seed_doc_id,fits,seconds,batch_effort_at_75,batch_effort_at_90,worker_process_peak_rss_kib
23149,381,23149,2,0.1,0.005249343832020997,4,0.04,0.010498687664041995,8,0.016,0.02099737532808399,13,0.013,0.03412073490813648,29,0.0145,0.07611548556430446,70,0.014,0.1837270341207349,16860,0.021674802367272927,20641,0.00834161302864056,C12,11,random,16008,0,0.04841878099978203,18522,22473,344404
23149,381,23149,14,0.7,0.03674540682414698,51,0.51,0.13385826771653545,149,0.298,0.3910761154855643,208,0.208,0.5459317585301837,267,0.1335,0.7007874015748031,325,0.065,0.8530183727034121,2362,0.6479653548749406,8542,0.5309991792302043,C12,11,seed_similarity,16008,0,0.6763957810007923,2567,9374,344276
23149,381,23149,16,0.8,0.04199475065616798,60,0.6,0.15748031496062992,183,0.366,0.48031496062992124,239,0.239,0.6272965879265092,288,0.144,0.7559055118110236,324,0.0648,0.8503937007874016,1834,0.6707741155125492,7097,0.5934208821115383,C12,11,seed_only_frozen,16008,1,0.700895613999819,1884,7704,344404
23149,381,23149,15,0.75,0.03937007874015748,72,0.72,0.1889763779527559,222,0.444,0.5826771653543307,297,0.297,0.7795275590551181,316,0.158,0.8293963254593176,338,0.0676,0.8871391076115486,889,0.7115966132446326,6068,0.6378720463086959,C12,11,uncertainty,16008,63,4.728888259000087,991,6326,344276
23149,381,23149,17,0.85,0.04461942257217848,82,0.82,0.2152230971128609,281,0.562,0.7375328083989501,339,0.339,0.889763779527559,355,0.1775,0.931758530183727,371,0.0742,0.973753280839895,528,0.7271912393623915,1096,0.8526545423128429,C12,11,auto_tar,16008,63,6.1122668190000695,561,1106,344404
23149,381,23149,17,0.85,0.04461942257217848,79,0.79,0.2073490813648294,275,0.55,0.7217847769028871,338,0.338,0.8871391076115486,355,0.1775,0.931758530183727,371,0.0742,0.973753280839895,528,0.7271912393623915,1186,0.8487666853859778,C12,11,explore_10,16008,63,5.050789061000614,561,1233,344404
23149,381,23149,16,0.8,0.04199475065616798,84,0.84,0.2204724409448819,283,0.566,0.7427821522309711,341,0.341,0.89501312335958,355,0.1775,0.931758530183727,371,0.0742,0.973753280839895,522,0.7274504298241825,1052,0.854555272365977,C12,11,fixed_20,16008,1158,153.22041379599978,541,1061,344276
23149,381,23149,16,0.8,0.04199475065616798,78,0.78,0.2047244094488189,269,0.538,0.7060367454068242,342,0.342,0.8976377952755905,355,0.1775,0.931758530183727,371,0.0742,0.973753280839895,551,0.726197675925526,1049,0.8546848675968725,C12,11,fixed_50,16008,463,62.26907555699927,551,1051,344276
23149,381,23149,16,0.8,0.04199475065616798,60,0.6,0.15748031496062992,273,0.546,0.7165354330708661,340,0.34,0.8923884514435696,355,0.1775,0.931758530183727,371,0.0742,0.973753280839895,586,0.7246857315650784,1143,0.8506242170288134,C12,11,fixed_100,16008,232,33.159890757999165,601,1201,344276
23149,381,23149,17,0.85,0.04461942257217848,81,0.81,0.2125984251968504,297,0.594,0.7795275590551181,340,0.34,0.8923884514435696,355,0.1775,0.931758530183727,371,0.0742,0.973753280839895,453,0.7304311201347791,1051,0.8545984707762755,C12,11,grow_5pct,16008,95,9.174311513001157,472,1059,344276
23149,381,23149,17,0.85,0.04461942257217848,81,0.81,0.2125984251968504,277,0.554,0.7270341207349081,342,0.342,0.8976377952755905,355,0.1775,0.931758530183727,371,0.0742,0.973753280839895,550,0.7262408743358244,1017,0.8560672167264245,C12,11,grow_20pct,16008,40,3.7235580689994094,568,1227,344276
23149,381,23149,1,0.05,0.0026246719160104987,2,0.02,0.005249343832020997,10,0.02,0.026246719160104987,21,0.021,0.05511811023622047,38,0.019,0.09973753280839895,86,0.0172,0.22572178477690288,18203,-0.03634066266361402,21419,-0.025266750183593256,C12,29,random,19765,0,0.07605963100104418,18522,22473,344276
23149,381,23149,1,0.05,0.0026246719160104987,8,0.08,0.02099737532808399,24,0.048,0.06299212598425197,43,0.043,0.11286089238845144,86,0.043,0.22572178477690288,189,0.0378,0.49606299212598426,9696,0.33114821374573417,15861,0.21483001425547543,C12,29,seed_similarity,19765,0,0.6923948639996524,10337,16812,344276
23149,381,23149,1,0.05,0.0026246719160104987,9,0.09,0.023622047244094488,30,0.06,0.07874015748031496,50,0.05,0.13123359580052493,85,0.0425,0.2230971128608924,168,0.0336,0.4409448818897638,12666,0.20284893515918612,17958,0.12424294785951884,C12,29,seed_only_frozen,19765,1,0.7119316719999915,13846,18522,344276
23149,381,23149,10,0.5,0.026246719160104987,63,0.63,0.16535433070866143,214,0.428,0.5616797900262467,272,0.272,0.7139107611548556,298,0.149,0.7821522309711286,331,0.0662,0.868766404199475,1274,0.6949652252797097,9415,0.49328696703961294,C12,29,uncertainty,19765,63,5.96400529300081,1373,10337,344276
23149,381,23149,10,0.5,0.026246719160104987,78,0.78,0.2047244094488189,286,0.572,0.7506561679790026,340,0.34,0.8923884514435696,356,0.178,0.9343832020997376,372,0.0744,0.9763779527559056,500,0.7284007948507495,1066,0.853950494621798,C12,29,auto_tar,19765,63,5.215516563001074,561,1106,344276
23149,381,23149,17,0.85,0.04461942257217848,86,0.86,0.22572178477690288,292,0.584,0.7664041994750657,342,0.342,0.8976377952755905,355,0.1775,0.931758530183727,371,0.0742,0.973753280839895,463,0.729999136031794,1035,0.8552896453410515,C12,11,fixed_10,16008,2315,314.04866769400087,471,1041,407128
23149,381,23149,10,0.5,0.026246719160104987,76,0.76,0.1994750656167979,277,0.554,0.7270341207349081,340,0.34,0.8923884514435696,358,0.179,0.9396325459317585,372,0.0744,0.9763779527559056,536,0.7268456520800035,1060,0.854209685083589,C12,29,explore_10,19765,63,5.08960682200086,561,1106,407128
23149,381,23149,1,0.05,0.0026246719160104987,2,0.02,0.005249343832020997,260,0.52,0.6824146981627297,336,0.336,0.8818897637795275,356,0.178,0.9343832020997376,372,0.0744,0.9763779527559056,609,0.7236921681282129,1133,0.8510562011317984,C12,29,fixed_20,19765,1158,157.493383508001,621,1141,344276
23149,381,23149,1,0.05,0.0026246719160104987,19,0.19,0.049868766404199474,271,0.542,0.7112860892388452,342,0.342,0.8976377952755905,357,0.1785,0.937007874015748,372,0.0744,0.9763779527559056,559,0.7258520886431379,1011,0.8563264071882155,C12,29,fixed_50,19765,463,65.30957669500094,601,1051,344276
23149,381,23149,1,0.05,0.0026246719160104987,9,0.09,0.023622047244094488,251,0.502,0.6587926509186351,339,0.339,0.889763779527559,356,0.178,0.9343832020997376,372,0.0744,0.9763779527559056,601,0.7240377554106009,1091,0.8528705343643355,C12,29,fixed_100,19765,232,31.39379021700006,601,1101,344276
23149,381,23149,10,0.5,0.026246719160104987,79,0.79,0.2073490813648294,287,0.574,0.7532808398950132,342,0.342,0.8976377952755905,356,0.178,0.9343832020997376,372,0.0744,0.9763779527559056,491,0.728789580543436,1050,0.8546416691865739,C12,29,grow_5pct,19765,95,9.634297734000938,511,1059,344276
23149,381,23149,10,0.5,0.026246719160104987,81,0.81,0.2125984251968504,278,0.556,0.7296587926509186,342,0.342,0.8976377952755905,358,0.179,0.9396325459317585,372,0.0744,0.9763779527559056,569,0.7254201045401529,1017,0.8560672167264245,C12,29,grow_20pct,19765,40,3.033257216999118,690,1227,344276
23149,381,23149,4,0.2,0.010498687664041995,6,0.06,0.015748031496062992,9,0.018,0.023622047244094488,20,0.02,0.05249343832020997,36,0.018,0.09448818897637795,81,0.0162,0.2125984251968504,17422,-0.0026027042204846973,20163,0.02899045315132409,C12,47,random,18244,0,0.04973372099993867,18522,20403,344276
23149,381,23149,15,0.75,0.03937007874015748,73,0.73,0.19160104986876642,102,0.204,0.2677165354330709,132,0.132,0.3464566929133858,169,0.0845,0.4435695538057743,254,0.0508,0.6666666666666666,7547,0.4239815974772128,12343,0.36680202168560194,C12,47,seed_similarity,18244,0,0.751228948998687,7704,12563,344276
23149,381,23149,15,0.75,0.03937007874015748,62,0.62,0.16272965879265092,87,0.174,0.2283464566929134,106,0.106,0.2782152230971129,143,0.0715,0.3753280839895013,206,0.0412,0.5406824146981627,10314,0.30445159618126055,18131,0.11676962287787807,C12,47,seed_only_frozen,18244,1,0.7484763539996493,10337,18522,344276
23149,381,23149,14,0.7,0.03674540682414698,71,0.71,0.18635170603674542,212,0.424,0.5564304461942258,279,0.279,0.7322834645669292,306,0.153,0.8031496062992126,335,0.067,0.8792650918635171,1143,0.7006242170288134,6985,0.5982591040649704,C12,47,uncertainty,18244,63,5.631255459999011,1233,7704,344276
23149,381,23149,19,0.95,0.049868766404199474,81,0.81,0.2125984251968504,284,0.568,0.7454068241469817,343,0.343,0.9002624671916011,355,0.1775,0.931758530183727,371,0.0742,0.973753280839895,508,0.7280552075683615,959,0.8585727245237376,C12,47,auto_tar,18244,63,5.404691195999476,561,991,344276
23149,381,23149,1,0.05,0.0026246719160104987,8,0.08,0.02099737532808399,265,0.53,0.6955380577427821,339,0.339,0.889763779527559,356,0.178,0.9343832020997376,372,0.0744,0.9763779527559056,608,0.7237353665385113,1104,0.8523089550304549,C12,29,fixed_10,19765,2315,313.4172244100009,611,1111,407260
23149,381,23149,19,0.95,0.049868766404199474,79,0.79,0.2073490813648294,269,0.538,0.7060367454068242,337,0.337,0.884514435695538,355,0.1775,0.931758530183727,371,0.0742,0.973753280839895,573,0.7252473108989589,1064,0.8540368914423949,C12,47,explore_10,18244,63,5.751445121999495,631,1106,407260
23149,381,23149,15,0.75,0.03937007874015748,80,0.8,0.2099737532808399,285,0.57,0.7480314960629921,341,0.341,0.89501312335958,355,0.1775,0.931758530183727,371,0.0742,0.973753280839895,502,0.7283143980301525,1060,0.854209685083589,C12,47,fixed_20,18244,1158,158.5285088360015,521,1061,344276
23149,381,23149,15,0.75,0.03937007874015748,80,0.8,0.2099737532808399,290,0.58,0.7611548556430446,344,0.344,0.9028871391076115,355,0.1775,0.931758530183727,371,0.0742,0.973753280839895,466,0.7298695408008985,916,0.8604302561665731,C12,47,fixed_50,18244,463,62.1427876609996,501,951,344276
23149,381,23149,15,0.75,0.03937007874015748,62,0.62,0.16272965879265092,285,0.57,0.7480314960629921,341,0.341,0.89501312335958,355,0.1775,0.931758530183727,371,0.0742,0.973753280839895,502,0.7283143980301525,1039,0.8551168516998575,C12,47,fixed_100,18244,232,32.966175785000814,601,1101,344276
23149,381,23149,19,0.95,0.049868766404199474,83,0.83,0.2178477690288714,281,0.562,0.7375328083989501,342,0.342,0.8976377952755905,355,0.1775,0.931758530183727,371,0.0742,0.973753280839895,513,0.727839215516869,1007,0.8564992008294094,C12,47,grow_5pct,18244,95,8.482700131999081,552,1059,344276
23149,381,23149,19,0.95,0.049868766404199474,80,0.8,0.2099737532808399,273,0.546,0.7165354330708661,338,0.338,0.8871391076115486,358,0.179,0.9396325459317585,371,0.0742,0.973753280839895,567,0.7255065013607499,1032,0.855419240571947,C12,47,grow_20pct,18244,40,3.018012562999502,568,1227,344276
23149,4179,23149,3,0.15,0.0007178750897343862,13,0.13,0.0031107920555156735,93,0.186,0.022254127781765973,173,0.173,0.04139746350801627,378,0.189,0.09045226130653267,895,0.179,0.21416606843742522,17200,0.006987342865782509,20812,0.0009546848675968667,C15,11,random,16057,0,0.05030607800108555,18522,22473,344276
23149,4179,23149,20,1.0,0.004785833931562575,74,0.74,0.017707585546781528,281,0.562,0.06724096673845417,497,0.497,0.11892797319932999,882,0.441,0.21105527638190955,1770,0.354,0.4235463029432879,11891,0.23632770314052443,16624,0.18186962719771915,C15,11,seed_similarity,16057,0,0.7719717180007137,12563,16812,344276
23149,4179,23149,13,0.65,0.0031107920555156735,63,0.63,0.01507537688442211,257,0.514,0.06149796602057909,481,0.481,0.11509930605407992,874,0.437,0.20914094280928452,1832,0.3664,0.43838238813113184,11972,0.23282863190634584,17571,0.14096073264503872,C15,11,seed_only_frozen,16057,1,0.7308891049997328,12563,18522,344276
