topic,policy,metric,status,value,numerator,denominator,seeds_total,seeds_observed,censored_seeds
C12,auto_tar,batch_effort_at_75,OBSERVED,584.3333333333334,1753.0,3.0,3,3,
C12,auto_tar,batch_effort_at_80,OBSERVED,682.3333333333334,2047.0,3.0,3,3,
C12,auto_tar,batch_effort_at_90,OBSERVED,1148.3333333333333,3445.0,3.0,3,3,
C12,auto_tar,depth_fraction_at_75,OBSERVED,0.023024752689101043,533.0,23149.0,3,3,
C12,auto_tar,depth_fraction_at_80,OBSERVED,0.027747778881737153,1927.0,69447.0,3,3,
C12,auto_tar,depth_fraction_at_90,OBSERVED,0.04626549742969459,153.0,3307.0,3,3,
C12,auto_tar,depth_per_positive_at_75,OBSERVED,1.398950131233596,533.0,381.0,3,3,
C12,auto_tar,depth_per_positive_at_80,OBSERVED,1.6859142607174102,1927.0,1143.0,3,3,
C12,auto_tar,depth_per_positive_at_90,OBSERVED,2.811023622047244,357.0,127.0,3,3,
C12,auto_tar,effort_at_75,OBSERVED,533.0,533.0,1.0,3,3,
C12,auto_tar,effort_at_80,OBSERVED,642.3333333333334,1927.0,3.0,3,3,
C12,auto_tar,effort_at_90,OBSERVED,1071.0,1071.0,1.0,3,3,
C12,auto_tar,overshoot_at_75,OBSERVED,51.333333333333336,154.0,3.0,3,3,
C12,auto_tar,overshoot_at_80,OBSERVED,40.0,40.0,1.0,3,3,
C12,auto_tar,overshoot_at_90,OBSERVED,77.33333333333333,232.0,3.0,3,3,
C12,auto_tar,recall_at_1000,OBSERVED,0.8915135608048994,1019.0,1143.0,3,3,
C12,auto_tar,recall_at_1R_plus_0,OBSERVED,0.6544181977252843,748.0,1143.0,3,3,
C12,auto_tar,recall_at_1R_plus_100,OBSERVED,0.7252843394575678,829.0,1143.0,3,3,
C12,auto_tar,recall_at_1R_plus_1000,OBSERVED,0.9230096237970253,1055.0,1143.0,3,3,
C12,auto_tar,recall_at_2R,OBSERVED,0.8486439195100612,970.0,1143.0,3,3,
C12,auto_tar,recall_at_2R_plus_0,OBSERVED,0.8486439195100612,970.0,1143.0,3,3,
C12,auto_tar,recall_at_2R_plus_100,OBSERVED,0.8705161854768154,995.0,1143.0,3,3,
C12,auto_tar,recall_at_2R_plus_1000,OBSERVED,0.931758530183727,355.0,381.0,3,3,
C12,auto_tar,recall_at_4R_plus_0,OBSERVED,0.9256342957130359,1058.0,1143.0,3,3,
C12,auto_tar,recall_at_4R_plus_100,OBSERVED,0.931758530183727,355.0,381.0,3,3,
C12,auto_tar,recall_at_4R_plus_1000,OBSERVED,0.9396325459317585,358.0,381.0,3,3,
C12,auto_tar,recall_at_R,OBSERVED,0.6544181977252843,748.0,1143.0,3,3,
C12,explore_10,batch_effort_at_75,OBSERVED,584.3333333333334,1753.0,3.0,3,3,
C12,explore_10,batch_effort_at_80,OBSERVED,708.0,708.0,1.0,3,3,
C12,explore_10,batch_effort_at_90,OBSERVED,1233.0,1233.0,1.0,3,3,
C12,explore_10,depth_fraction_at_75,OBSERVED,0.023701527783777557,1646.0,69447.0,3,3,
C12,explore_10,depth_fraction_at_80,OBSERVED,0.028294958745518167,655.0,23149.0,3,3,
C12,explore_10,depth_fraction_at_90,OBSERVED,0.05057093898944519,3512.0,69447.0,3,3,
C12,explore_10,depth_per_positive_at_75,OBSERVED,1.4400699912510937,1646.0,1143.0,3,3,
C12,explore_10,depth_per_positive_at_80,OBSERVED,1.7191601049868765,655.0,381.0,3,3,
C12,explore_10,depth_per_positive_at_90,OBSERVED,3.0726159230096237,3512.0,1143.0,3,3,
C12,explore_10,effort_at_75,OBSERVED,548.6666666666666,1646.0,3.0,3,3,
C12,explore_10,effort_at_80,OBSERVED,655.0,655.0,1.0,3,3,
C12,explore_10,effort_at_90,OBSERVED,1170.6666666666667,3512.0,3.0,3,3,
C12,explore_10,overshoot_at_75,OBSERVED,35.666666666666664,107.0,3.0,3,3,
C12,explore_10,overshoot_at_80,OBSERVED,53.0,53.0,1.0,3,3,
C12,explore_10,overshoot_at_90,OBSERVED,62.333333333333336,187.0,3.0,3,3,
C12,explore_10,recall_at_1000,OBSERVED,0.884514435695538,337.0,381.0,3,3,
C12,explore_10,recall_at_1R_plus_0,OBSERVED,0.6360454943132109,727.0,1143.0,3,3,
C12,explore_10,recall_at_1R_plus_100,OBSERVED,0.7086614173228346,90.0,127.0,3,3,
C12,explore_10,recall_at_1R_plus_1000,OBSERVED,0.9098862642169728,1040.0,1143.0,3,3,
C12,explore_10,recall_at_2R,OBSERVED,0.8320209973753281,317.0,381.0,3,3,
C12,explore_10,recall_at_2R_plus_0,OBSERVED,0.8320209973753281,317.0,381.0,3,3,
C12,explore_10,recall_at_2R_plus_100,OBSERVED,0.8600174978127734,983.0,1143.0,3,3,
C12,explore_10,recall_at_2R_plus_1000,OBSERVED,0.9326334208223972,1066.0,1143.0,3,3,
C12,explore_10,recall_at_4R_plus_0,OBSERVED,0.9195100612423447,1051.0,1143.0,3,3,
C12,explore_10,recall_at_4R_plus_100,OBSERVED,0.9247594050743657,1057.0,1143.0,3,3,
C12,explore_10,recall_at_4R_plus_1000,OBSERVED,0.9378827646544182,1072.0,1143.0,3,3,
C12,explore_10,recall_at_R,OBSERVED,0.6360454943132109,727.0,1143.0,3,3,
C12,fixed_20,batch_effort_at_75,OBSERVED,507.6666666666667,1523.0,3.0,3,3,
C12,fixed_20,batch_effort_at_80,OBSERVED,587.6666666666666,1763.0,3.0,3,3,
C12,fixed_20,batch_effort_at_90,OBSERVED,1081.0,1081.0,1.0,3,3,
C12,fixed_20,depth_fraction_at_75,OBSERVED,0.02170000143994701,1507.0,69447.0,3,3,
C12,fixed_20,depth_fraction_at_80,OBSERVED,0.024968681152533586,578.0,23149.0,3,3,
C12,fixed_20,depth_fraction_at_90,OBSERVED,0.046049505378202085,1066.0,23149.0,3,3,
C12,fixed_20,depth_per_positive_at_75,OBSERVED,1.3184601924759405,1507.0,1143.0,3,3,
C12,fixed_20,depth_per_positive_at_80,OBSERVED,1.5170603674540681,578.0,381.0,3,3,
C12,fixed_20,depth_per_positive_at_90,OBSERVED,2.797900262467192,1066.0,381.0,3,3,
C12,fixed_20,effort_at_75,OBSERVED,502.3333333333333,1507.0,3.0,3,3,
C12,fixed_20,effort_at_80,OBSERVED,578.0,578.0,1.0,3,3,
C12,fixed_20,effort_at_90,OBSERVED,1066.0,1066.0,1.0,3,3,
C12,fixed_20,overshoot_at_75,OBSERVED,5.333333333333333,16.0,3.0,3,3,
C12,fixed_20,overshoot_at_80,OBSERVED,9.666666666666666,29.0,3.0,3,3,
C12,fixed_20,overshoot_at_90,OBSERVED,15.0,15.0,1.0,3,3,
C12,fixed_20,recall_at_1000,OBSERVED,0.89501312335958,341.0,381.0,3,3,
C12,fixed_20,recall_at_1R_plus_0,OBSERVED,0.6640419947506562,253.0,381.0,3,3,
C12,fixed_20,recall_at_1R_plus_100,OBSERVED,0.73665791776028,842.0,1143.0,3,3,
C12,fixed_20,recall_at_1R_plus_1000,OBSERVED,0.9282589676290464,1061.0,1143.0,3,3,
C12,fixed_20,recall_at_2R,OBSERVED,0.8661417322834646,110.0,127.0,3,3,
C12,fixed_20,recall_at_2R_plus_0,OBSERVED,0.8661417322834646,110.0,127.0,3,3,
C12,fixed_20,recall_at_2R_plus_100,OBSERVED,0.8810148731408574,1007.0,1143.0,3,3,
C12,fixed_20,recall_at_2R_plus_1000,OBSERVED,0.931758530183727,355.0,381.0,3,3,
C12,fixed_20,recall_at_4R_plus_0,OBSERVED,0.9291338582677166,118.0,127.0,3,3,
C12,fixed_20,recall_at_4R_plus_100,OBSERVED,0.931758530183727,355.0,381.0,3,3,
C12,fixed_20,recall_at_4R_plus_1000,OBSERVED,0.9396325459317585,358.0,381.0,3,3,
C12,fixed_20,recall_at_R,OBSERVED,0.6640419947506562,253.0,381.0,3,3,
C12,frozen_svm,batch_effort_at_75,CENSORED,CENSORED,,,3,2,47
C12,frozen_svm,batch_effort_at_80,CENSORED,CENSORED,,,3,1,"29,47"
C12,frozen_svm,batch_effort_at_90,CENSORED,CENSORED,,,3,0,"11,29,47"
C12,frozen_svm,depth_fraction_at_75,CENSORED,CENSORED,,,3,2,47
C12,frozen_svm,depth_fraction_at_80,CENSORED,CENSORED,,,3,1,"29,47"
C12,frozen_svm,depth_fraction_at_90,CENSORED,CENSORED,,,3,0,"11,29,47"
C12,frozen_svm,depth_per_positive_at_75,CENSORED,CENSORED,,,3,2,47
C12,frozen_svm,depth_per_positive_at_80,CENSORED,CENSORED,,,3,1,"29,47"
C12,frozen_svm,depth_per_positive_at_90,CENSORED,CENSORED,,,3,0,"11,29,47"
C12,frozen_svm,effort_at_75,CENSORED,CENSORED,,,3,2,47
C12,frozen_svm,effort_at_80,CENSORED,CENSORED,,,3,1,"29,47"
C12,frozen_svm,effort_at_90,CENSORED,CENSORED,,,3,0,"11,29,47"
C12,frozen_svm,overshoot_at_75,CENSORED,CENSORED,,,3,2,47
C12,frozen_svm,overshoot_at_80,CENSORED,CENSORED,,,3,1,"29,47"
C12,frozen_svm,overshoot_at_90,CENSORED,CENSORED,,,3,0,"11,29,47"
C12,frozen_svm,recall_at_1000,OBSERVED,0.45056867891513563,515.0,1143.0,3,3,
C12,frozen_svm,recall_at_1R_plus_0,OBSERVED,0.28433945756780404,325.0,1143.0,3,3,
C12,frozen_svm,recall_at_1R_plus_100,OBSERVED,0.3123359580052493,119.0,381.0,3,3,
C12,frozen_svm,recall_at_1R_plus_1000,OBSERVED,0.5223097112860893,199.0,381.0,3,3,
C12,frozen_svm,recall_at_2R,OBSERVED,0.39545056867891515,452.0,1143.0,3,3,
C12,frozen_svm,recall_at_2R_plus_0,OBSERVED,0.39545056867891515,452.0,1143.0,3,3,
C12,frozen_svm,recall_at_2R_plus_100,OBSERVED,0.41907261592300965,479.0,1143.0,3,3,
C12,frozen_svm,recall_at_2R_plus_1000,OBSERVED,0.5625546806649169,643.0,1143.0,3,3,
C12,frozen_svm,recall_at_4R_plus_0,OBSERVED,0.5363079615048119,613.0,1143.0,3,3,
C12,frozen_svm,recall_at_4R_plus_100,OBSERVED,0.5476815398075241,626.0,1143.0,3,3,
C12,frozen_svm,recall_at_4R_plus_1000,OBSERVED,0.6351706036745407,242.0,381.0,3,3,
C12,frozen_svm,recall_at_R,OBSERVED,0.28433945756780404,325.0,1143.0,3,3,
C12,random,batch_effort_at_75,CENSORED,CENSORED,,,3,0,"11,29,47"
C12,random,batch_effort_at_80,CENSORED,CENSORED,,,3,0,"11,29,47"
C12,random,batch_effort_at_90,CENSORED,CENSORED,,,3,0,"11,29,47"
C12,random,depth_fraction_at_75,CENSORED,CENSORED,,,3,0,"11,29,47"
C12,random,depth_fraction_at_80,CENSORED,CENSORED,,,3,0,"11,29,47"
C12,random,depth_fraction_at_90,CENSORED,CENSORED,,,3,0,"11,29,47"
C12,random,depth_per_positive_at_75,CENSORED,CENSORED,,,3,0,"11,29,47"
C12,random,depth_per_positive_at_80,CENSORED,CENSORED,,,3,0,"11,29,47"
C12,random,depth_per_positive_at_90,CENSORED,CENSORED,,,3,0,"11,29,47"
C12,random,effort_at_75,CENSORED,CENSORED,,,3,0,"11,29,47"
C12,random,effort_at_80,CENSORED,CENSORED,,,3,0,"11,29,47"
C12,random,effort_at_90,CENSORED,CENSORED,,,3,0,"11,29,47"
C12,random,overshoot_at_75,CENSORED,CENSORED,,,3,0,"11,29,47"
C12,random,overshoot_at_80,CENSORED,CENSORED,,,3,0,"11,29,47"
C12,random,overshoot_at_90,CENSORED,CENSORED,,,3,0,"11,29,47"
C12,random,recall_at_1000,OBSERVED,0.05249343832020997,20.0,381.0,3,3,
C12,random,recall_at_1R_plus_0,OBSERVED,0.020122484689413824,23.0,1143.0,3,3,
C12,random,recall_at_1R_plus_100,OBSERVED,0.024496937882764653,28.0,1143.0,3,3,
C12,random,recall_at_1R_plus_1000,OBSERVED,0.07349081364829396,28.0,381.0,3,3,
C12,random,recall_at_2R,OBSERVED,0.03674540682414698,14.0,381.0,3,3,
C12,random,recall_at_2R_plus_0,OBSERVED,0.03674540682414698,14.0,381.0,3,3,
C12,random,recall_at_2R_plus_100,OBSERVED,0.04111986001749781,47.0,1143.0,3,3,
C12,random,recall_at_2R_plus_1000,OBSERVED,0.08486439195100612,97.0,1143.0,3,3,
C12,random,recall_at_4R_plus_0,OBSERVED,0.07699037620297462,88.0,1143.0,3,3,
C12,random,recall_at_4R_plus_100,OBSERVED,0.07874015748031496,10.0,127.0,3,3,
C12,random,recall_at_4R_plus_1000,OBSERVED,0.1189851268591426,136.0,1143.0,3,3,
C12,random,recall_at_R,OBSERVED,0.020122484689413824,23.0,1143.0,3,3,
C12,seed_similarity,batch_effort_at_75,CENSORED,CENSORED,,,3,1,"29,47"
C12,seed_similarity,batch_effort_at_80,CENSORED,CENSORED,,,3,1,"29,47"
C12,seed_similarity,batch_effort_at_90,CENSORED,CENSORED,,,3,0,"11,29,47"
C12,seed_similarity,depth_fraction_at_75,CENSORED,CENSORED,,,3,1,"29,47"
C12,seed_similarity,depth_fraction_at_80,CENSORED,CENSORED,,,3,1,"29,47"
C12,seed_similarity,depth_fraction_at_90,CENSORED,CENSORED,,,3,0,"11,29,47"
C12,seed_similarity,depth_per_positive_at_75,CENSORED,CENSORED,,,3,1,"29,47"
C12,seed_similarity,depth_per_positive_at_80,CENSORED,CENSORED,,,3,1,"29,47"
C12,seed_similarity,depth_per_positive_at_90,CENSORED,CENSORED,,,3,0,"11,29,47"
C12,seed_similarity,effort_at_75,CENSORED,CENSORED,,,3,1,"29,47"
C12,seed_similarity,effort_at_80,CENSORED,CENSORED,,,3,1,"29,47"
C12,seed_similarity,effort_at_90,CENSORED,CENSORED,,,3,0,"11,29,47"
C12,seed_similarity,overshoot_at_75,CENSORED,CENSORED,,,3,1,"29,47"
C12,seed_similarity,overshoot_at_80,CENSORED,CENSORED,,,3,1,"29,47"
C12,seed_similarity,overshoot_at_90,CENSORED,CENSORED,,,3,0,"11,29,47"
C12,seed_similarity,recall_at_1000,OBSERVED,0.4243219597550306,485.0,1143.0,3,3,
C12,seed_similarity,recall_at_1R_plus_0,OBSERVED,0.2694663167104112,308.0,1143.0,3,3,
C12,seed_similarity,recall_at_1R_plus_100,OBSERVED,0.3027121609798775,346.0,1143.0,3,3,
C12,seed_similarity,recall_at_1R_plus_1000,OBSERVED,0.4881889763779528,62.0,127.0,3,3,
C12,seed_similarity,recall_at_2R,OBSERVED,0.37707786526684167,431.0,1143.0,3,3,
C12,seed_similarity,recall_at_2R_plus_0,OBSERVED,0.37707786526684167,431.0,1143.0,3,3,
C12,seed_similarity,recall_at_2R_plus_100,OBSERVED,0.39545056867891515,452.0,1143.0,3,3,
C12,seed_similarity,recall_at_2R_plus_1000,OBSERVED,0.5398075240594926,617.0,1143.0,3,3,
C12,seed_similarity,recall_at_4R_plus_0,OBSERVED,0.5083114610673666,581.0,1143.0,3,3,
C12,seed_similarity,recall_at_4R_plus_100,OBSERVED,0.5205599300087489,595.0,1143.0,3,3,
C12,seed_similarity,recall_at_4R_plus_1000,OBSERVED,0.6194225721784777,236.0,381.0,3,3,
C12,seed_similarity,recall_at_R,OBSERVED,0.2694663167104112,308.0,1143.0,3,3,
C12,uncertainty,batch_effort_at_75,OBSERVED,1067.6666666666667,3203.0,3.0,3,3,
C12,uncertainty,batch_effort_at_80,OBSERVED,1833.6666666666667,5501.0,3.0,3,3,
C12,uncertainty,batch_effort_at_90,CENSORED,CENSORED,,,3,0,"11,29,47"
C12,uncertainty,depth_fraction_at_75,OBSERVED,0.04459515889815255,3097.0,69447.0,3,3,
C12,uncertainty,depth_fraction_at_80,OBSERVED,0.07179575791610869,1662.0,23149.0,3,3,
C12,uncertainty,depth_fraction_at_90,CENSORED,CENSORED,,,3,0,"11,29,47"
C12,uncertainty,depth_per_positive_at_75,OBSERVED,2.7095363079615047,3097.0,1143.0,3,3,
C12,uncertainty,depth_per_positive_at_80,OBSERVED,4.362204724409449,554.0,127.0,3,3,
C12,uncertainty,depth_per_positive_at_90,CENSORED,CENSORED,,,3,0,"11,29,47"
C12,uncertainty,effort_at_75,OBSERVED,1032.3333333333333,3097.0,3.0,3,3,
C12,uncertainty,effort_at_80,OBSERVED,1662.0,1662.0,1.0,3,3,
C12,uncertainty,effort_at_90,CENSORED,CENSORED,,,3,0,"11,29,47"
C12,uncertainty,overshoot_at_75,OBSERVED,35.333333333333336,106.0,3.0,3,3,
C12,uncertainty,overshoot_at_80,OBSERVED,171.66666666666666,515.0,3.0,3,3,
C12,uncertainty,overshoot_at_90,CENSORED,CENSORED,,,3,0,"11,29,47"
C12,uncertainty,recall_at_1000,OBSERVED,0.7436570428696413,850.0,1143.0,3,3,
C12,uncertainty,recall_at_1R_plus_0,OBSERVED,0.4741907261592301,542.0,1143.0,3,3,
C12,uncertainty,recall_at_1R_plus_100,OBSERVED,0.5590551181102362,71.0,127.0,3,3,
C12,uncertainty,recall_at_1R_plus_1000,OBSERVED,0.7812773403324584,893.0,1143.0,3,3,
C12,uncertainty,recall_at_2R,OBSERVED,0.6955380577427821,265.0,381.0,3,3,
C12,uncertainty,recall_at_2R_plus_0,OBSERVED,0.6955380577427821,265.0,381.0,3,3,
C12,uncertainty,recall_at_2R_plus_100,OBSERVED,0.7182852143482065,821.0,1143.0,3,3,
C12,uncertainty,recall_at_2R_plus_1000,OBSERVED,0.8040244969378828,919.0,1143.0,3,3,
C12,uncertainty,recall_at_4R_plus_0,OBSERVED,0.7935258092738408,907.0,1143.0,3,3,
C12,uncertainty,recall_at_4R_plus_100,OBSERVED,0.800524934383202,305.0,381.0,3,3,
C12,uncertainty,recall_at_4R_plus_1000,OBSERVED,0.8258967629046369,944.0,1143.0,3,3,
C12,uncertainty,recall_at_R,OBSERVED,0.4741907261592301,542.0,1143.0,3,3,
C15,auto_tar,batch_effort_at_75,OBSERVED,3479.0,3479.0,1.0,3,3,
C15,auto_tar,batch_effort_at_80,OBSERVED,3847.0,3847.0,1.0,3,3,
C15,auto_tar,batch_effort_at_90,OBSERVED,4698.0,4698.0,1.0,3,3,
C15,auto_tar,depth_fraction_at_75,OBSERVED,0.14262675133555086,1415.0,9921.0,3,3,
C15,auto_tar,depth_fraction_at_80,OBSERVED,0.15506789350151914,10769.0,69447.0,3,3,
C15,auto_tar,depth_fraction_at_90,OBSERVED,0.19381686753927455,13460.0,69447.0,3,3,
C15,auto_tar,depth_per_positive_at_75,OBSERVED,0.7900614182021217,1415.0,1791.0,3,3,
C15,auto_tar,depth_per_positive_at_80,OBSERVED,0.8589774268166228,10769.0,12537.0,3,3,
C15,auto_tar,depth_per_positive_at_90,OBSERVED,1.0736220786472044,13460.0,12537.0,3,3,
C15,auto_tar,effort_at_75,OBSERVED,3301.6666666666665,9905.0,3.0,3,3,
C15,auto_tar,effort_at_80,OBSERVED,3589.6666666666665,10769.0,3.0,3,3,
C15,auto_tar,effort_at_90,OBSERVED,4486.666666666667,13460.0,3.0,3,3,
C15,auto_tar,overshoot_at_75,OBSERVED,177.33333333333334,532.0,3.0,3,3,
C15,auto_tar,overshoot_at_80,OBSERVED,257.3333333333333,772.0,3.0,3,3,
C15,auto_tar,overshoot_at_90,OBSERVED,211.33333333333334,634.0,3.0,3,3,
C15,auto_tar,recall_at_1000,OBSERVED,0.23745712690436308,2977.0,12537.0,3,3,
C15,auto_tar,recall_at_1R_plus_0,OBSERVED,0.8726968174204355,521.0,597.0,3,3,
C15,auto_tar,recall_at_1R_plus_100,OBSERVED,0.8818696657892637,11056.0,12537.0,3,3,
C15,auto_tar,recall_at_1R_plus_1000,CENSORED,CENSORED,,,3,0,"11,29,47"
C15,auto_tar,recall_at_2R,CENSORED,CENSORED,,,3,0,"11,29,47"
C15,auto_tar,recall_at_2R_plus_0,CENSORED,CENSORED,,,3,0,"11,29,47"
C15,auto_tar,recall_at_2R_plus_100,CENSORED,CENSORED,,,3,0,"11,29,47"
C15,auto_tar,recall_at_2R_plus_1000,CENSORED,CENSORED,,,3,0,"11,29,47"
C15,auto_tar,recall_at_4R_plus_0,CENSORED,CENSORED,,,3,0,"11,29,47"
C15,auto_tar,recall_at_4R_plus_100,CENSORED,CENSORED,,,3,0,"11,29,47"
C15,auto_tar,recall_at_4R_plus_1000,CENSORED,CENSORED,,,3,0,"11,29,47"
C15,auto_tar,recall_at_R,OBSERVED,0.8726968174204355,521.0,597.0,3,3,
C15,explore_10,batch_effort_at_75,OBSERVED,3847.0,3847.0,1.0,3,3,
C15,explore_10,batch_effort_at_80,OBSERVED,3982.0,3982.0,1.0,3,3,
C15,explore_10,batch_effort_at_90,OBSERVED,4899.333333333333,14698.0,3.0,3,3,
C15,explore_10,depth_fraction_at_75,OBSERVED,0.15247598888360908,10589.0,69447.0,3,3,
C15,explore_10,depth_fraction_at_80,OBSERVED,0.16425475542500037,11407.0,69447.0,3,3,
C15,explore_10,depth_fraction_at_90,OBSERVED,0.2046452690540988,14212.0,69447.0,3,3,
C15,explore_10,depth_per_positive_at_75,OBSERVED,0.8446199250219351,10589.0,12537.0,3,3,
C15,explore_10,depth_per_positive_at_80,OBSERVED,0.9098667942889048,11407.0,12537.0,3,3,
C15,explore_10,depth_per_positive_at_90,OBSERVED,1.1336045305894553,14212.0,12537.0,3,3,
C15,explore_10,effort_at_75,OBSERVED,3529.6666666666665,10589.0,3.0,3,3,
C15,explore_10,effort_at_80,OBSERVED,3802.3333333333335,11407.0,3.0,3,3,
C15,explore_10,effort_at_90,OBSERVED,4737.333333333333,14212.0,3.0,3,3,
C15,explore_10,overshoot_at_75,OBSERVED,317.3333333333333,952.0,3.0,3,3,
C15,explore_10,overshoot_at_80,OBSERVED,179.66666666666666,539.0,3.0,3,3,
C15,explore_10,overshoot_at_90,OBSERVED,162.0,162.0,1.0,3,3,
C15,explore_10,recall_at_1000,OBSERVED,0.2199888330541597,394.0,1791.0,3,3,
C15,explore_10,recall_at_1R_plus_0,OBSERVED,0.8498843423466539,10655.0,12537.0,3,3,
C15,explore_10,recall_at_1R_plus_100,OBSERVED,0.8585786073223259,1196.0,1393.0,3,3,
C15,explore_10,recall_at_1R_plus_1000,CENSORED,CENSORED,,,3,0,"11,29,47"
C15,explore_10,recall_at_2R,CENSORED,CENSORED,,,3,0,"11,29,47"
C15,explore_10,recall_at_2R_plus_0,CENSORED,CENSORED,,,3,0,"11,29,47"
C15,explore_10,recall_at_2R_plus_100,CENSORED,CENSORED,,,3,0,"11,29,47"
C15,explore_10,recall_at_2R_plus_1000,CENSORED,CENSORED,,,3,0,"11,29,47"
C15,explore_10,recall_at_4R_plus_0,CENSORED,CENSORED,,,3,0,"11,29,47"
C15,explore_10,recall_at_4R_plus_100,CENSORED,CENSORED,,,3,0,"11,29,47"
C15,explore_10,recall_at_4R_plus_1000,CENSORED,CENSORED,,,3,0,"11,29,47"
C15,explore_10,recall_at_R,OBSERVED,0.8498843423466539,10655.0,12537.0,3,3,
C15,fixed_20,batch_effort_at_75,OBSERVED,3234.3333333333335,9703.0,3.0,3,3,
C15,fixed_20,batch_effort_at_80,OBSERVED,3487.6666666666665,10463.0,3.0,3,3,
C15,fixed_20,batch_effort_at_90,OBSERVED,4301.0,4301.0,1.0,3,3,
C15,fixed_20,depth_fraction_at_75,OBSERVED,0.13934367215286478,9677.0,69447.0,3,3,
C15,fixed_20,depth_fraction_at_80,OBSERVED,0.15044566359957953,10448.0,69447.0,3,3,
C15,fixed_20,depth_fraction_at_90,OBSERVED,0.18510518812907684,4285.0,23149.0,3,3,
C15,fixed_20,depth_per_positive_at_75,OBSERVED,0.771875249262184,9677.0,12537.0,3,3,
C15,fixed_20,depth_per_positive_at_80,OBSERVED,0.833373215282763,10448.0,12537.0,3,3,
C15,fixed_20,depth_per_positive_at_90,OBSERVED,1.0253649198372816,4285.0,4179.0,3,3,
C15,fixed_20,effort_at_75,OBSERVED,3225.6666666666665,9677.0,3.0,3,3,
C15,fixed_20,effort_at_80,OBSERVED,3482.6666666666665,10448.0,3.0,3,3,
C15,fixed_20,effort_at_90,OBSERVED,4285.0,4285.0,1.0,3,3,
C15,fixed_20,overshoot_at_75,OBSERVED,8.666666666666666,26.0,3.0,3,3,
C15,fixed_20,overshoot_at_80,OBSERVED,5.0,5.0,1.0,3,3,
C15,fixed_20,overshoot_at_90,OBSERVED,16.0,16.0,1.0,3,3,
C15,fixed_20,recall_at_1000,OBSERVED,0.2367392518146287,424.0,1791.0,3,3,
C15,fixed_20,recall_at_1R_plus_0,OBSERVED,0.8918401531466859,3727.0,4179.0,3,3,
C15,fixed_20,recall_at_1R_plus_100,OBSERVED,0.8993379596394672,11275.0,12537.0,3,3,
C15,fixed_20,recall_at_1R_plus_1000,CENSORED,CENSORED,,,3,0,"11,29,47"
C15,fixed_20,recall_at_2R,CENSORED,CENSORED,,,3,0,"11,29,47"
C15,fixed_20,recall_at_2R_plus_0,CENSORED,CENSORED,,,3,0,"11,29,47"
C15,fixed_20,recall_at_2R_plus_100,CENSORED,CENSORED,,,3,0,"11,29,47"
C15,fixed_20,recall_at_2R_plus_1000,CENSORED,CENSORED,,,3,0,"11,29,47"
C15,fixed_20,recall_at_4R_plus_0,CENSORED,CENSORED,,,3,0,"11,29,47"
C15,fixed_20,recall_at_4R_plus_100,CENSORED,CENSORED,,,3,0,"11,29,47"
C15,fixed_20,recall_at_4R_plus_1000,CENSORED,CENSORED,,,3,0,"11,29,47"
C15,fixed_20,recall_at_R,OBSERVED,0.8918401531466859,3727.0,4179.0,3,3,
C15,frozen_svm,batch_effort_at_75,CENSORED,CENSORED,,,3,0,"11,29,47"
C15,frozen_svm,batch_effort_at_80,CENSORED,CENSORED,,,3,0,"11,29,47"
C15,frozen_svm,batch_effort_at_90,CENSORED,CENSORED,,,3,0,"11,29,47"
C15,frozen_svm,depth_fraction_at_75,CENSORED,CENSORED,,,3,0,"11,29,47"
C15,frozen_svm,depth_fraction_at_80,CENSORED,CENSORED,,,3,0,"11,29,47"
C15,frozen_svm,depth_fraction_at_90,CENSORED,CENSORED,,,3,0,"11,29,47"
C15,frozen_svm,depth_per_positive_at_75,CENSORED,CENSORED,,,3,0,"11,29,47"
C15,frozen_svm,depth_per_positive_at_80,CENSORED,CENSORED,,,3,0,"11,29,47"
C15,frozen_svm,depth_per_positive_at_90,CENSORED,CENSORED,,,3,0,"11,29,47"
C15,frozen_svm,effort_at_75,CENSORED,CENSORED,,,3,0,"11,29,47"
C15,frozen_svm,effort_at_80,CENSORED,CENSORED,,,3,0,"11,29,47"
C15,frozen_svm,effort_at_90,CENSORED,CENSORED,,,3,0,"11,29,47"
C15,frozen_svm,overshoot_at_75,CENSORED,CENSORED,,,3,0,"11,29,47"
C15,frozen_svm,overshoot_at_80,CENSORED,CENSORED,,,3,0,"11,29,47"
C15,frozen_svm,overshoot_at_90,CENSORED,CENSORED,,,3,0,"11,29,47"
C15,frozen_svm,recall_at_1000,OBSERVED,0.15354550530429928,275.0,1791.0,3,3,
C15,frozen_svm,recall_at_1R_plus_0,OBSERVED,0.41293770439499083,5177.0,12537.0,3,3,
C15,frozen_svm,recall_at_1R_plus_100,OBSERVED,0.41891999680944403,5252.0,12537.0,3,3,
C15,frozen_svm,recall_at_1R_plus_1000,CENSORED,CENSORED,,,3,0,"11,29,47"
C15,frozen_svm,recall_at_2R,CENSORED,CENSORED,,,3,0,"11,29,47"
C15,frozen_svm,recall_at_2R_plus_0,CENSORED,CENSORED,,,3,0,"11,29,47"
C15,frozen_svm,recall_at_2R_plus_100,CENSORED,CENSORED,,,3,0,"11,29,47"
C15,frozen_svm,recall_at_2R_plus_1000,CENSORED,CENSORED,,,3,0,"11,29,47"
C15,frozen_svm,recall_at_4R_plus_0,CENSORED,CENSORED,,,3,0,"11,29,47"
C15,frozen_svm,recall_at_4R_plus_100,CENSORED,CENSORED,,,3,0,"11,29,47"
C15,frozen_svm,recall_at_4R_plus_1000,CENSORED,CENSORED,,,3,0,"11,29,47"
C15,frozen_svm,recall_at_R,OBSERVED,0.41293770439499083,5177.0,12537.0,3,3,
C15,random,batch_effort_at_75,CENSORED,CENSORED,,,3,0,"11,29,47"
C15,random,batch_effort_at_80,CENSORED,CENSORED,,,3,0,"11,29,47"
C15,random,batch_effort_at_90,CENSORED,CENSORED,,,3,0,"11,29,47"
C15,random,depth_fraction_at_75,CENSORED,CENSORED,,,3,0,"11,29,47"
C15,random,depth_fraction_at_80,CENSORED,CENSORED,,,3,0,"11,29,47"
C15,random,depth_fraction_at_90,CENSORED,CENSORED,,,3,0,"11,29,47"
C15,random,depth_per_positive_at_75,CENSORED,CENSORED,,,3,0,"11,29,47"
C15,random,depth_per_positive_at_80,CENSORED,CENSORED,,,3,0,"11,29,47"
C15,random,depth_per_positive_at_90,CENSORED,CENSORED,,,3,0,"11,29,47"
C15,random,effort_at_75,CENSORED,CENSORED,,,3,0,"11,29,47"
C15,random,effort_at_80,CENSORED,CENSORED,,,3,0,"11,29,47"
C15,random,effort_at_90,CENSORED,CENSORED,,,3,0,"11,29,47"
C15,random,overshoot_at_75,CENSORED,CENSORED,,,3,0,"11,29,47"
C15,random,overshoot_at_80,CENSORED,CENSORED,,,3,0,"11,29,47"
C15,random,overshoot_at_90,CENSORED,CENSORED,,,3,0,"11,29,47"
C15,random,recall_at_1000,OBSERVED,0.0446677833612507,80.0,1791.0,3,3,
C15,random,recall_at_1R_plus_0,OBSERVED,0.18082475871420595,2267.0,12537.0,3,3,
C15,random,recall_at_1R_plus_100,OBSERVED,0.18521177315147164,258.0,1393.0,3,3,
C15,random,recall_at_1R_plus_1000,CENSORED,CENSORED,,,3,0,"11,29,47"
C15,random,recall_at_2R,CENSORED,CENSORED,,,3,0,"11,29,47"
C15,random,recall_at_2R_plus_0,CENSORED,CENSORED,,,3,0,"11,29,47"
C15,random,recall_at_2R_plus_100,CENSORED,CENSORED,,,3,0,"11,29,47"
C15,random,recall_at_2R_plus_1000,CENSORED,CENSORED,,,3,0,"11,29,47"
C15,random,recall_at_4R_plus_0,CENSORED,CENSORED,,,3,0,"11,29,47"
C15,random,recall_at_4R_plus_100,CENSORED,CENSORED,,,3,0,"11,29,47"
C15,random,recall_at_4R_plus_1000,CENSORED,CENSORED,,,3,0,"11,29,47"
C15,random,recall_at_R,OBSERVED,0.18082475871420595,2267.0,12537.0,3,3,
C15,seed_similarity,batch_effort_at_75,CENSORED,CENSORED,,,3,0,"11,29,47"
C15,seed_similarity,batch_effort_at_80,CENSORED,CENSORED,,,3,0,"11,29,47"
C15,seed_similarity,batch_effort_at_90,CENSORED,CENSORED,,,3,0,"11,29,47"
C15,seed_similarity,depth_fraction_at_75,CENSORED,CENSORED,,,3,0,"11,29,47"
C15,seed_similarity,depth_fraction_at_80,CENSORED,CENSORED,,,3,0,"11,29,47"
C15,seed_similarity,depth_fraction_at_90,CENSORED,CENSORED,,,3,0,"11,29,47"
C15,seed_similarity,depth_per_positive_at_75,CENSORED,CENSORED,,,3,0,"11,29,47"
C15,seed_similarity,depth_per_positive_at_80,CENSORED,CENSORED,,,3,0,"11,29,47"
C15,seed_similarity,depth_per_positive_at_90,CENSORED,CENSORED,,,3,0,"11,29,47"
C15,seed_similarity,effort_at_75,CENSORED,CENSORED,,,3,0,"11,29,47"
C15,seed_similarity,effort_at_80,CENSORED,CENSORED,,,3,0,"11,29,47"
C15,seed_similarity,effort_at_90,CENSORED,CENSORED,,,3,0,"11,29,47"
C15,seed_similarity,overshoot_at_75,CENSORED,CENSORED,,,3,0,"11,29,47"
C15,seed_similarity,overshoot_at_80,CENSORED,CENSORED,,,3,0,"11,29,47"
C15,seed_similarity,overshoot_at_90,CENSORED,CENSORED,,,3,0,"11,29,47"
C15,seed_similarity,recall_at_1000,OBSERVED,0.18257956448911222,109.0,597.0,3,3,
C15,seed_similarity,recall_at_1R_plus_0,OBSERVED,0.5222142458323363,6547.0,12537.0,3,3,
C15,seed_similarity,recall_at_1R_plus_100,OBSERVED,0.5285953577410863,2209.0,4179.0,3,3,
C15,seed_similarity,recall_at_1R_plus_1000,CENSORED,CENSORED,,,3,0,"11,29,47"
C15,seed_similarity,recall_at_2R,CENSORED,CENSORED,,,3,0,"11,29,47"
C15,seed_similarity,recall_at_2R_plus_0,CENSORED,CENSORED,,,3,0,"11,29,47"
C15,seed_similarity,recall_at_2R_plus_100,CENSORED,CENSORED,,,3,0,"11,29,47"
C15,seed_similarity,recall_at_2R_plus_1000,CENSORED,CENSORED,,,3,0,"11,29,47"
C15,seed_similarity,recall_at_4R_plus_0,CENSORED,CENSORED,,,3,0,"11,29,47"
C15,seed_similarity,recall_at_4R_plus_100,CENSORED,CENSORED,,,3,0,"11,29,47"
C15,seed_similarity,recall_at_4R_plus_1000,CENSORED,CENSORED,,,3,0,"11,29,47"
C15,seed_similarity,recall_at_R,OBSERVED,0.5222142458323363,6547.0,12537.0,3,3,
C15,uncertainty,batch_effort_at_75,CENSORED,CENSORED,,,3,0,"11,29,47"
C15,uncertainty,batch_effort_at_80,CENSORED,CENSORED,,,3,0,"11,29,47"
C15,uncertainty,batch_effort_at_90,CENSORED,CENSORED,,,3,0,"11,29,47"
C15,uncertainty,depth_fraction_at_75,CENSORED,CENSORED,,,3,0,"11,29,47"
C15,uncertainty,depth_fraction_at_80,CENSORED,CENSORED,,,3,0,"11,29,47"
C15,uncertainty,depth_fraction_at_90,CENSORED,CENSORED,,,3,0,"11,29,47"
C15,uncertainty,depth_per_positive_at_75,CENSORED,CENSORED,,,3,0,"11,29,47"
C15,uncertainty,depth_per_positive_at_80,CENSORED,CENSORED,,,3,0,"11,29,47"
C15,uncertainty,depth_per_positive_at_90,CENSORED,CENSORED,,,3,0,"11,29,47"
C15,uncertainty,effort_at_75,CENSORED,CENSORED,,,3,0,"11,29,47"
C15,uncertainty,effort_at_80,CENSORED,CENSORED,,,3,0,"11,29,47"
C15,uncertainty,effort_at_90,CENSORED,CENSORED,,,3,0,"11,29,47"
C15,uncertainty,overshoot_at_75,CENSORED,CENSORED,,,3,0,"11,29,47"
C15,uncertainty,overshoot_at_80,CENSORED,CENSORED,,,3,0,"11,29,47"
C15,uncertainty,overshoot_at_90,CENSORED,CENSORED,,,3,0,"11,29,47"
C15,uncertainty,recall_at_1000,OBSERVED,0.13216878040998645,1657.0,12537.0,3,3,
C15,uncertainty,recall_at_1R_plus_0,OBSERVED,0.3902049932200686,4892.0,12537.0,3,3,
C15,uncertainty,recall_at_1R_plus_100,OBSERVED,0.39578846614022495,1654.0,4179.0,3,3,
C15,uncertainty,recall_at_1R_plus_1000,CENSORED,CENSORED,,,3,0,"11,29,47"
C15,uncertainty,recall_at_2R,CENSORED,CENSORED,,,3,0,"11,29,47"
C15,uncertainty,recall_at_2R_plus_0,CENSORED,CENSORED,,,3,0,"11,29,47"
C15,uncertainty,recall_at_2R_plus_100,CENSORED,CENSORED,,,3,0,"11,29,47"
C15,uncertainty,recall_at_2R_plus_1000,CENSORED,CENSORED,,,3,0,"11,29,47"
C15,uncertainty,recall_at_4R_plus_0,CENSORED,CENSORED,,,3,0,"11,29,47"
C15,uncertainty,recall_at_4R_plus_100,CENSORED,CENSORED,,,3,0,"11,29,47"
C15,uncertainty,recall_at_4R_plus_1000,CENSORED,CENSORED,,,3,0,"11,29,47"
C15,uncertainty,recall_at_R,OBSERVED,0.3902049932200686,4892.0,12537.0,3,3,
C16,auto_tar,batch_effort_at_75,OBSERVED,303.3333333333333,910.0,3.0,3,3,
C16,auto_tar,batch_effort_at_80,OBSERVED,369.3333333333333,1108.0,3.0,3,3,
C16,auto_tar,batch_effort_at_90,OBSERVED,3649.6666666666665,10949.0,3.0,3,3,
C16,auto_tar,depth_fraction_at_75,OBSERVED,0.011692369720794274,116.0,9921.0,3,3,
C16,auto_tar,depth_fraction_at_80,OBSERVED,0.01488905208288335,1034.0,69447.0,3,3,
C16,auto_tar,depth_fraction_at_90,OBSERVED,0.15191440954972857,10550.0,69447.0,3,3,
C16,auto_tar,depth_per_positive_at_75,OBSERVED,5.523809523809524,116.0,21.0,3,3,
C16,auto_tar,depth_per_positive_at_80,OBSERVED,7.034013605442177,1034.0,147.0,3,3,
C16,auto_tar,depth_per_positive_at_90,OBSERVED,71.7687074829932,10550.0,147.0,3,3,
C16,auto_tar,effort_at_75,OBSERVED,270.6666666666667,812.0,3.0,3,3,
C16,auto_tar,effort_at_80,OBSERVED,344.6666666666667,1034.0,3.0,3,3,
C16,auto_tar,effort_at_90,OBSERVED,3516.6666666666665,10550.0,3.0,3,3,
C16,auto_tar,overshoot_at_75,OBSERVED,32.666666666666664,98.0,3.0,3,3,
C16,auto_tar,overshoot_at_80,OBSERVED,24.666666666666668,74.0,3.0,3,3,
C16,auto_tar,overshoot_at_90,OBSERVED,133.0,133.0,1.0,3,3,
C16,auto_tar,recall_at_1000,OBSERVED,0.8843537414965986,130.0,147.0,3,3,
C16,auto_tar,recall_at_1R_plus_0,OBSERVED,0.1836734693877551,9.0,49.0,3,3,
C16,auto_tar,recall_at_1R_plus_100,OBSERVED,0.25170068027210885,37.0,147.0,3,3,
C16,auto_tar,recall_at_1R_plus_1000,OBSERVED,0.8843537414965986,130.0,147.0,3,3,
C16,auto_tar,recall_at_2R,OBSERVED,0.22448979591836735,11.0,49.0,3,3,
C16,auto_tar,recall_at_2R_plus_0,OBSERVED,0.22448979591836735,11.0,49.0,3,3,
C16,auto_tar,recall_at_2R_plus_100,OBSERVED,0.4557823129251701,67.0,147.0,3,3,
C16,auto_tar,recall_at_2R_plus_1000,OBSERVED,0.8843537414965986,130.0,147.0,3,3,
C16,auto_tar,recall_at_4R_plus_0,OBSERVED,0.4489795918367347,22.0,49.0,3,3,
C16,auto_tar,recall_at_4R_plus_100,OBSERVED,0.7074829931972789,104.0,147.0,3,3,
C16,auto_tar,recall_at_4R_plus_1000,OBSERVED,0.8843537414965986,130.0,147.0,3,3,
C16,auto_tar,recall_at_R,OBSERVED,0.1836734693877551,9.0,49.0,3,3,
C16,explore_10,batch_effort_at_75,OBSERVED,322.3333333333333,967.0,3.0,3,3,
C16,explore_10,batch_effort_at_80,OBSERVED,355.6666666666667,1067.0,3.0,3,3,
C16,explore_10,batch_effort_at_90,CENSORED,CENSORED,,,3,2,47
C16,explore_10,depth_fraction_at_75,OBSERVED,0.012671533687560297,880.0,69447.0,3,3,
C16,explore_10,depth_fraction_at_80,OBSERVED,0.014413869569599839,143.0,9921.0,3,3,
C16,explore_10,depth_fraction_at_90,CENSORED,CENSORED,,,3,2,47
C16,explore_10,depth_per_positive_at_75,OBSERVED,5.98639455782313,880.0,147.0,3,3,
C16,explore_10,depth_per_positive_at_80,OBSERVED,6.809523809523809,143.0,21.0,3,3,
C16,explore_10,depth_per_positive_at_90,CENSORED,CENSORED,,,3,2,47
C16,explore_10,effort_at_75,OBSERVED,293.3333333333333,880.0,3.0,3,3,
C16,explore_10,effort_at_80,OBSERVED,333.6666666666667,1001.0,3.0,3,3,
C16,explore_10,effort_at_90,CENSORED,CENSORED,,,3,2,47
C16,explore_10,overshoot_at_75,OBSERVED,29.0,29.0,1.0,3,3,
C16,explore_10,overshoot_at_80,OBSERVED,22.0,22.0,1.0,3,3,
C16,explore_10,overshoot_at_90,CENSORED,CENSORED,,,3,2,47
C16,explore_10,recall_at_1000,OBSERVED,0.8843537414965986,130.0,147.0,3,3,
C16,explore_10,recall_at_1R_plus_0,OBSERVED,0.1836734693877551,9.0,49.0,3,3,
C16,explore_10,recall_at_1R_plus_100,OBSERVED,0.25170068027210885,37.0,147.0,3,3,
C16,explore_10,recall_at_1R_plus_1000,OBSERVED,0.8843537414965986,130.0,147.0,3,3,
C16,explore_10,recall_at_2R,OBSERVED,0.22448979591836735,11.0,49.0,3,3,
C16,explore_10,recall_at_2R_plus_0,OBSERVED,0.22448979591836735,11.0,49.0,3,3,
C16,explore_10,recall_at_2R_plus_100,OBSERVED,0.35374149659863946,52.0,147.0,3,3,
C16,explore_10,recall_at_2R_plus_1000,OBSERVED,0.8843537414965986,130.0,147.0,3,3,
C16,explore_10,recall_at_4R_plus_0,OBSERVED,0.35374149659863946,52.0,147.0,3,3,
C16,explore_10,recall_at_4R_plus_100,OBSERVED,0.6870748299319728,101.0,147.0,3,3,
C16,explore_10,recall_at_4R_plus_1000,OBSERVED,0.8843537414965986,130.0,147.0,3,3,
C16,explore_10,recall_at_R,OBSERVED,0.1836734693877551,9.0,49.0,3,3,
C16,fixed_20,batch_effort_at_75,OBSERVED,314.3333333333333,943.0,3.0,3,3,
C16,fixed_20,batch_effort_at_80,OBSERVED,341.0,341.0,1.0,3,3,
C16,fixed_20,batch_effort_at_90,OBSERVED,3527.6666666666665,10583.0,3.0,3,3,
C16,fixed_20,depth_fraction_at_75,OBSERVED,0.012844327328754302,892.0,69447.0,3,3,
C16,fixed_20,depth_fraction_at_80,OBSERVED,0.014385070629400839,333.0,23149.0,3,3,
C16,fixed_20,depth_fraction_at_90,OBSERVED,0.15204400478062408,10559.0,69447.0,3,3,
C16,fixed_20,depth_per_positive_at_75,OBSERVED,6.068027210884353,892.0,147.0,3,3,
C16,fixed_20,depth_per_positive_at_80,OBSERVED,6.795918367346939,333.0,49.0,3,3,
C16,fixed_20,depth_per_positive_at_90,OBSERVED,71.82993197278911,10559.0,147.0,3,3,
C16,fixed_20,effort_at_75,OBSERVED,297.3333333333333,892.0,3.0,3,3,
C16,fixed_20,effort_at_80,OBSERVED,333.0,333.0,1.0,3,3,
C16,fixed_20,effort_at_90,OBSERVED,3519.6666666666665,10559.0,3.0,3,3,
C16,fixed_20,overshoot_at_75,OBSERVED,17.0,17.0,1.0,3,3,
C16,fixed_20,overshoot_at_80,OBSERVED,8.0,8.0,1.0,3,3,
C16,fixed_20,overshoot_at_90,OBSERVED,8.0,8.0,1.0,3,3,
C16,fixed_20,recall_at_1000,OBSERVED,0.8775510204081632,43.0,49.0,3,3,
C16,fixed_20,recall_at_1R_plus_0,OBSERVED,0.11564625850340136,17.0,147.0,3,3,
C16,fixed_20,recall_at_1R_plus_100,OBSERVED,0.2653061224489796,13.0,49.0,3,3,
C16,fixed_20,recall_at_1R_plus_1000,OBSERVED,0.8775510204081632,43.0,49.0,3,3,
C16,fixed_20,recall_at_2R,OBSERVED,0.2108843537414966,31.0,147.0,3,3,
C16,fixed_20,recall_at_2R_plus_0,OBSERVED,0.2108843537414966,31.0,147.0,3,3,
C16,fixed_20,recall_at_2R_plus_100,OBSERVED,0.43537414965986393,64.0,147.0,3,3,
C16,fixed_20,recall_at_2R_plus_1000,OBSERVED,0.8775510204081632,43.0,49.0,3,3,
C16,fixed_20,recall_at_4R_plus_0,OBSERVED,0.43537414965986393,64.0,147.0,3,3,
C16,fixed_20,recall_at_4R_plus_100,OBSERVED,0.7006802721088435,103.0,147.0,3,3,
C16,fixed_20,recall_at_4R_plus_1000,OBSERVED,0.8775510204081632,43.0,49.0,3,3,
C16,fixed_20,recall_at_R,OBSERVED,0.11564625850340136,17.0,147.0,3,3,
C16,frozen_svm,batch_effort_at_75,CENSORED,CENSORED,,,3,1,"11,29"
C16,frozen_svm,batch_effort_at_80,CENSORED,CENSORED,,,3,0,"11,29,47"
C16,frozen_svm,batch_effort_at_90,CENSORED,CENSORED,,,3,0,"11,29,47"
C16,frozen_svm,depth_fraction_at_75,CENSORED,CENSORED,,,3,1,"11,29"
C16,frozen_svm,depth_fraction_at_80,CENSORED,CENSORED,,,3,0,"11,29,47"
C16,frozen_svm,depth_fraction_at_90,CENSORED,CENSORED,,,3,0,"11,29,47"
C16,frozen_svm,depth_per_positive_at_75,CENSORED,CENSORED,,,3,1,"11,29"
C16,frozen_svm,depth_per_positive_at_80,CENSORED,CENSORED,,,3,0,"11,29,47"
C16,frozen_svm,depth_per_positive_at_90,CENSORED,CENSORED,,,3,0,"11,29,47"
C16,frozen_svm,effort_at_75,CENSORED,CENSORED,,,3,1,"11,29"
C16,frozen_svm,effort_at_80,CENSORED,CENSORED,,,3,0,"11,29,47"
C16,frozen_svm,effort_at_90,CENSORED,CENSORED,,,3,0,"11,29,47"
C16,frozen_svm,overshoot_at_75,CENSORED,CENSORED,,,3,1,"11,29"
C16,frozen_svm,overshoot_at_80,CENSORED,CENSORED,,,3,0,"11,29,47"
C16,frozen_svm,overshoot_at_90,CENSORED,CENSORED,,,3,0,"11,29,47"
C16,frozen_svm,recall_at_1000,OBSERVED,0.30612244897959184,15.0,49.0,3,3,
C16,frozen_svm,recall_at_1R_plus_0,OBSERVED,0.034013605442176874,5.0,147.0,3,3,
C16,frozen_svm,recall_at_1R_plus_100,OBSERVED,0.10204081632653061,5.0,49.0,3,3,
C16,frozen_svm,recall_at_1R_plus_1000,OBSERVED,0.30612244897959184,15.0,49.0,3,3,
C16,frozen_svm,recall_at_2R,OBSERVED,0.061224489795918366,3.0,49.0,3,3,
C16,frozen_svm,recall_at_2R_plus_0,OBSERVED,0.061224489795918366,3.0,49.0,3,3,
C16,frozen_svm,recall_at_2R_plus_100,OBSERVED,0.11564625850340136,17.0,147.0,3,3,
C16,frozen_svm,recall_at_2R_plus_1000,OBSERVED,0.30612244897959184,15.0,49.0,3,3,
C16,frozen_svm,recall_at_4R_plus_0,OBSERVED,0.11564625850340136,17.0,147.0,3,3,
C16,frozen_svm,recall_at_4R_plus_100,OBSERVED,0.17006802721088435,25.0,147.0,3,3,
C16,frozen_svm,recall_at_4R_plus_1000,OBSERVED,0.3129251700680272,46.0,147.0,3,3,
C16,frozen_svm,recall_at_R,OBSERVED,0.034013605442176874,5.0,147.0,3,3,
C16,random,batch_effort_at_75,CENSORED,CENSORED,,,3,0,"11,29,47"
C16,random,batch_effort_at_80,CENSORED,CENSORED,,,3,0,"11,29,47"
C16,random,batch_effort_at_90,CENSORED,CENSORED,,,3,0,"11,29,47"
C16,random,depth_fraction_at_75,CENSORED,CENSORED,,,3,0,"11,29,47"
C16,random,depth_fraction_at_80,CENSORED,CENSORED,,,3,0,"11,29,47"
C16,random,depth_fraction_at_90,CENSORED,CENSORED,,,3,0,"11,29,47"
C16,random,depth_per_positive_at_75,CENSORED,CENSORED,,,3,0,"11,29,47"
C16,random,depth_per_positive_at_80,CENSORED,CENSORED,,,3,0,"11,29,47"
C16,random,depth_per_positive_at_90,CENSORED,CENSORED,,,3,0,"11,29,47"
C16,random,effort_at_75,CENSORED,CENSORED,,,3,0,"11,29,47"
C16,random,effort_at_80,CENSORED,CENSORED,,,3,0,"11,29,47"
C16,random,effort_at_90,CENSORED,CENSORED,,,3,0,"11,29,47"
C16,random,overshoot_at_75,CENSORED,CENSORED,,,3,0,"11,29,47"
C16,random,overshoot_at_80,CENSORED,CENSORED,,,3,0,"11,29,47"
C16,random,overshoot_at_90,CENSORED,CENSORED,,,3,0,"11,29,47"
C16,random,recall_at_1000,OBSERVED,0.04081632653061224,2.0,49.0,3,3,
C16,random,recall_at_1R_plus_0,OBSERVED,0.027210884353741496,4.0,147.0,3,3,
C16,random,recall_at_1R_plus_100,OBSERVED,0.027210884353741496,4.0,147.0,3,3,
C16,random,recall_at_1R_plus_1000,OBSERVED,0.04081632653061224,2.0,49.0,3,3,
C16,random,recall_at_2R,OBSERVED,0.027210884353741496,4.0,147.0,3,3,
C16,random,recall_at_2R_plus_0,OBSERVED,0.027210884353741496,4.0,147.0,3,3,
C16,random,recall_at_2R_plus_100,OBSERVED,0.027210884353741496,4.0,147.0,3,3,
C16,random,recall_at_2R_plus_1000,OBSERVED,0.04081632653061224,2.0,49.0,3,3,
C16,random,recall_at_4R_plus_0,OBSERVED,0.027210884353741496,4.0,147.0,3,3,
C16,random,recall_at_4R_plus_100,OBSERVED,0.04081632653061224,2.0,49.0,3,3,
C16,random,recall_at_4R_plus_1000,OBSERVED,0.04081632653061224,2.0,49.0,3,3,
C16,random,recall_at_R,OBSERVED,0.027210884353741496,4.0,147.0,3,3,
C16,seed_similarity,batch_effort_at_75,CENSORED,CENSORED,,,3,1,"11,29"
C16,seed_similarity,batch_effort_at_80,CENSORED,CENSORED,,,3,1,"11,29"
C16,seed_similarity,batch_effort_at_90,CENSORED,CENSORED,,,3,0,"11,29,47"
C16,seed_similarity,depth_fraction_at_75,CENSORED,CENSORED,,,3,1,"11,29"
C16,seed_similarity,depth_fraction_at_80,CENSORED,CENSORED,,,3,1,"11,29"
C16,seed_similarity,depth_fraction_at_90,CENSORED,CENSORED,,,3,0,"11,29,47"
C16,seed_similarity,depth_per_positive_at_75,CENSORED,CENSORED,,,3,1,"11,29"
C16,seed_similarity,depth_per_positive_at_80,CENSORED,CENSORED,,,3,1,"11,29"
C16,seed_similarity,depth_per_positive_at_90,CENSORED,CENSORED,,,3,0,"11,29,47"
C16,seed_similarity,effort_at_75,CENSORED,CENSORED,,,3,1,"11,29"
C16,seed_similarity,effort_at_80,CENSORED,CENSORED,,,3,1,"11,29"
C16,seed_similarity,effort_at_90,CENSORED,CENSORED,,,3,0,"11,29,47"
C16,seed_similarity,overshoot_at_75,CENSORED,CENSORED,,,3,1,"11,29"
C16,seed_similarity,overshoot_at_80,CENSORED,CENSORED,,,3,1,"11,29"
C16,seed_similarity,overshoot_at_90,CENSORED,CENSORED,,,3,0,"11,29,47"
C16,seed_similarity,recall_at_1000,OBSERVED,0.3129251700680272,46.0,147.0,3,3,
C16,seed_similarity,recall_at_1R_plus_0,OBSERVED,0.027210884353741496,4.0,147.0,3,3,
C16,seed_similarity,recall_at_1R_plus_100,OBSERVED,0.08163265306122448,4.0,49.0,3,3,
C16,seed_similarity,recall_at_1R_plus_1000,OBSERVED,0.3129251700680272,46.0,147.0,3,3,
C16,seed_similarity,recall_at_2R,OBSERVED,0.061224489795918366,3.0,49.0,3,3,
C16,seed_similarity,recall_at_2R_plus_0,OBSERVED,0.061224489795918366,3.0,49.0,3,3,
C16,seed_similarity,recall_at_2R_plus_100,OBSERVED,0.10204081632653061,5.0,49.0,3,3,
C16,seed_similarity,recall_at_2R_plus_1000,OBSERVED,0.32653061224489793,16.0,49.0,3,3,
C16,seed_similarity,recall_at_4R_plus_0,OBSERVED,0.10204081632653061,5.0,49.0,3,3,
C16,seed_similarity,recall_at_4R_plus_100,OBSERVED,0.17006802721088435,25.0,147.0,3,3,
C16,seed_similarity,recall_at_4R_plus_1000,OBSERVED,0.3333333333333333,1.0,3.0,3,3,
C16,seed_similarity,recall_at_R,OBSERVED,0.027210884353741496,4.0,147.0,3,3,
C16,uncertainty,batch_effort_at_75,OBSERVED,303.3333333333333,910.0,3.0,3,3,
C16,uncertainty,batch_effort_at_80,OBSERVED,358.3333333333333,1075.0,3.0,3,3,
C16,uncertainty,batch_effort_at_90,OBSERVED,3649.6666666666665,10949.0,3.0,3,3,
C16,uncertainty,depth_fraction_at_75,OBSERVED,0.011634771840396274,808.0,69447.0,3,3,
C16,uncertainty,depth_fraction_at_80,OBSERVED,0.014385070629400839,333.0,23149.0,3,3,
C16,uncertainty,depth_fraction_at_90,OBSERVED,0.15191440954972857,10550.0,69447.0,3,3,
C16,uncertainty,depth_per_positive_at_75,OBSERVED,5.496598639455782,808.0,147.0,3,3,
C16,uncertainty,depth_per_positive_at_80,OBSERVED,6.795918367346939,333.0,49.0,3,3,
C16,uncertainty,depth_per_positive_at_90,OBSERVED,71.7687074829932,10550.0,147.0,3,3,
C16,uncertainty,effort_at_75,OBSERVED,269.3333333333333,808.0,3.0,3,3,
C16,uncertainty,effort_at_80,OBSERVED,333.0,333.0,1.0,3,3,
C16,uncertainty,effort_at_90,OBSERVED,3516.6666666666665,10550.0,3.0,3,3,
C16,uncertainty,overshoot_at_75,OBSERVED,34.0,34.0,1.0,3,3,
C16,uncertainty,overshoot_at_80,OBSERVED,25.333333333333332,76.0,3.0,3,3,
C16,uncertainty,overshoot_at_90,OBSERVED,133.0,133.0,1.0,3,3,
C16,uncertainty,recall_at_1000,OBSERVED,0.8843537414965986,130.0,147.0,3,3,
C16,uncertainty,recall_at_1R_plus_0,OBSERVED,0.1836734693877551,9.0,49.0,3,3,
C16,uncertainty,recall_at_1R_plus_100,OBSERVED,0.2585034013605442,38.0,147.0,3,3,
C16,uncertainty,recall_at_1R_plus_1000,OBSERVED,0.8843537414965986,130.0,147.0,3,3,
C16,uncertainty,recall_at_2R,OBSERVED,0.23129251700680273,34.0,147.0,3,3,
C16,uncertainty,recall_at_2R_plus_0,OBSERVED,0.23129251700680273,34.0,147.0,3,3,
C16,uncertainty,recall_at_2R_plus_100,OBSERVED,0.46258503401360546,68.0,147.0,3,3,
C16,uncertainty,recall_at_2R_plus_1000,OBSERVED,0.8843537414965986,130.0,147.0,3,3,
C16,uncertainty,recall_at_4R_plus_0,OBSERVED,0.4557823129251701,67.0,147.0,3,3,
C16,uncertainty,recall_at_4R_plus_100,OBSERVED,0.7142857142857143,5.0,7.0,3,3,
C16,uncertainty,recall_at_4R_plus_1000,OBSERVED,0.8843537414965986,130.0,147.0,3,3,
C16,uncertainty,recall_at_R,OBSERVED,0.1836734693877551,9.0,49.0,3,3,
C18,auto_tar,batch_effort_at_75,OBSERVED,1527.0,1527.0,1.0,3,3,
C18,auto_tar,batch_effort_at_80,OBSERVED,1697.0,1697.0,1.0,3,3,
C18,auto_tar,batch_effort_at_90,OBSERVED,2241.3333333333335,6724.0,3.0,3,3,
C18,auto_tar,depth_fraction_at_75,OBSERVED,0.06083776117038893,4225.0,69447.0,3,3,
C18,auto_tar,depth_fraction_at_80,OBSERVED,0.06823908880153211,677.0,9921.0,3,3,
C18,auto_tar,depth_fraction_at_90,OBSERVED,0.09078865897734964,6305.0,69447.0,3,3,
C18,auto_tar,depth_per_positive_at_75,OBSERVED,0.9632922936616507,4225.0,4386.0,3,3,
C18,auto_tar,depth_per_positive_at_80,OBSERVED,1.0804833561331508,4739.0,4386.0,3,3,
C18,auto_tar,depth_per_positive_at_90,OBSERVED,1.437528499772002,6305.0,4386.0,3,3,
C18,auto_tar,effort_at_75,OBSERVED,1408.3333333333333,4225.0,3.0,3,3,
C18,auto_tar,effort_at_80,OBSERVED,1579.6666666666667,4739.0,3.0,3,3,
C18,auto_tar,effort_at_90,OBSERVED,2101.6666666666665,6305.0,3.0,3,3,
C18,auto_tar,overshoot_at_75,OBSERVED,118.66666666666667,356.0,3.0,3,3,
C18,auto_tar,overshoot_at_80,OBSERVED,117.33333333333333,352.0,3.0,3,3,
C18,auto_tar,overshoot_at_90,OBSERVED,139.66666666666666,419.0,3.0,3,3,
C18,auto_tar,recall_at_1000,OBSERVED,0.5788873689010487,2539.0,4386.0,3,3,
C18,auto_tar,recall_at_1R_plus_0,OBSERVED,0.7678978568171455,1684.0,2193.0,3,3,
C18,auto_tar,recall_at_1R_plus_100,OBSERVED,0.7943456452348381,1742.0,2193.0,3,3,
C18,auto_tar,recall_at_1R_plus_1000,OBSERVED,0.9384404924760602,686.0,731.0,3,3,
C18,auto_tar,recall_at_2R,OBSERVED,0.9537163702690379,4183.0,4386.0,3,3,
C18,auto_tar,recall_at_2R_plus_0,OBSERVED,0.9537163702690379,4183.0,4386.0,3,3,
C18,auto_tar,recall_at_2R_plus_100,OBSERVED,0.95531235750114,2095.0,2193.0,3,3,
C18,auto_tar,recall_at_2R_plus_1000,OBSERVED,0.9728682170542635,251.0,258.0,3,3,
C18,auto_tar,recall_at_4R_plus_0,CENSORED,CENSORED,,,3,0,"11,29,47"
C18,auto_tar,recall_at_4R_plus_100,CENSORED,CENSORED,,,3,0,"11,29,47"
C18,auto_tar,recall_at_4R_plus_1000,CENSORED,CENSORED,,,3,0,"11,29,47"
C18,auto_tar,recall_at_R,OBSERVED,0.7678978568171455,1684.0,2193.0,3,3,
C18,explore_10,batch_effort_at_75,OBSERVED,1640.3333333333333,4921.0,3.0,3,3,
C18,explore_10,batch_effort_at_80,OBSERVED,1884.0,1884.0,1.0,3,3,
C18,explore_10,batch_effort_at_90,OBSERVED,2400.3333333333335,7201.0,3.0,3,3,
C18,explore_10,depth_fraction_at_75,OBSERVED,0.06599277146601006,4583.0,69447.0,3,3,
C18,explore_10,depth_fraction_at_80,OBSERVED,0.07404207525163074,1714.0,23149.0,3,3,
C18,explore_10,depth_fraction_at_90,OBSERVED,0.09811798925799531,6814.0,69447.0,3,3,
C18,explore_10,depth_per_positive_at_75,OBSERVED,1.0449156406748745,4583.0,4386.0,3,3,
C18,explore_10,depth_per_positive_at_80,OBSERVED,1.1723666210670314,857.0,731.0,3,3,
C18,explore_10,depth_per_positive_at_90,OBSERVED,1.553579571363429,3407.0,2193.0,3,3,
C18,explore_10,effort_at_75,OBSERVED,1527.6666666666667,4583.0,3.0,3,3,
C18,explore_10,effort_at_80,OBSERVED,1714.0,1714.0,1.0,3,3,
C18,explore_10,effort_at_90,OBSERVED,2271.3333333333335,6814.0,3.0,3,3,
C18,explore_10,overshoot_at_75,OBSERVED,112.66666666666667,338.0,3.0,3,3,
C18,explore_10,overshoot_at_80,OBSERVED,170.0,170.0,1.0,3,3,
C18,explore_10,overshoot_at_90,OBSERVED,129.0,129.0,1.0,3,3,
C18,explore_10,recall_at_1000,OBSERVED,0.538531691746466,1181.0,2193.0,3,3,
C18,explore_10,recall_at_1R_plus_0,OBSERVED,0.7311901504787962,1069.0,1462.0,3,3,
C18,explore_10,recall_at_1R_plus_100,OBSERVED,0.7601459188326494,1667.0,2193.0,3,3,
C18,explore_10,recall_at_1R_plus_1000,OBSERVED,0.9176926584587324,4025.0,4386.0,3,3,
C18,explore_10,recall_at_2R,OBSERVED,0.9489284085727314,2081.0,2193.0,3,3,
C18,explore_10,recall_at_2R_plus_0,OBSERVED,0.9489284085727314,2081.0,2193.0,3,3,
C18,explore_10,recall_at_2R_plus_100,OBSERVED,0.9509803921568627,97.0,102.0,3,3,
C18,explore_10,recall_at_2R_plus_1000,OBSERVED,0.9694482444140446,2126.0,2193.0,3,3,
C18,explore_10,recall_at_4R_plus_0,CENSORED,CENSORED,,,3,0,"11,29,47"
C18,explore_10,recall_at_4R_plus_100,CENSORED,CENSORED,,,3,0,"11,29,47"
C18,explore_10,recall_at_4R_plus_1000,CENSORED,CENSORED,,,3,0,"11,29,47"
C18,explore_10,recall_at_R,OBSERVED,0.7311901504787962,1069.0,1462.0,3,3,
C18,fixed_20,batch_effort_at_75,OBSERVED,1407.6666666666667,4223.0,3.0,3,3,
C18,fixed_20,batch_effort_at_80,OBSERVED,1574.3333333333333,4723.0,3.0,3,3,
C18,fixed_20,batch_effort_at_90,OBSERVED,2081.0,2081.0,1.0,3,3,
C18,fixed_20,depth_fraction_at_75,OBSERVED,0.06024738289630942,4184.0,69447.0,3,3,
C18,fixed_20,depth_fraction_at_80,OBSERVED,0.06747591688625859,1562.0,23149.0,3,3,
C18,fixed_20,depth_fraction_at_90,OBSERVED,0.08969429924978761,6229.0,69447.0,3,3,
C18,fixed_20,depth_per_positive_at_75,OBSERVED,0.9539443684450525,2092.0,2193.0,3,3,
C18,fixed_20,depth_per_positive_at_80,OBSERVED,1.0683994528043776,781.0,731.0,3,3,
C18,fixed_20,depth_per_positive_at_90,OBSERVED,1.4202006383948929,6229.0,4386.0,3,3,
C18,fixed_20,effort_at_75,OBSERVED,1394.6666666666667,4184.0,3.0,3,3,
C18,fixed_20,effort_at_80,OBSERVED,1562.0,1562.0,1.0,3,3,
C18,fixed_20,effort_at_90,OBSERVED,2076.3333333333335,6229.0,3.0,3,3,
C18,fixed_20,overshoot_at_75,OBSERVED,13.0,13.0,1.0,3,3,
C18,fixed_20,overshoot_at_80,OBSERVED,12.333333333333334,37.0,3.0,3,3,
C18,fixed_20,overshoot_at_90,OBSERVED,4.666666666666667,14.0,3.0,3,3,
C18,fixed_20,recall_at_1000,OBSERVED,0.5809393524851801,1274.0,2193.0,3,3,
C18,fixed_20,recall_at_1R_plus_0,OBSERVED,0.7697218422252622,1688.0,2193.0,3,3,
C18,fixed_20,recall_at_1R_plus_100,OBSERVED,0.7998176014591883,1754.0,2193.0,3,3,
C18,fixed_20,recall_at_1R_plus_1000,OBSERVED,0.9436844505243958,4139.0,4386.0,3,3,
C18,fixed_20,recall_at_2R,OBSERVED,0.95531235750114,2095.0,2193.0,3,3,
C18,fixed_20,recall_at_2R_plus_0,OBSERVED,0.95531235750114,2095.0,2193.0,3,3,
C18,fixed_20,recall_at_2R_plus_100,OBSERVED,0.957592339261286,700.0,731.0,3,3,
C18,fixed_20,recall_at_2R_plus_1000,OBSERVED,0.9726402188782489,711.0,731.0,3,3,
C18,fixed_20,recall_at_4R_plus_0,CENSORED,CENSORED,,,3,0,"11,29,47"
C18,fixed_20,recall_at_4R_plus_100,CENSORED,CENSORED,,,3,0,"11,29,47"
C18,fixed_20,recall_at_4R_plus_1000,CENSORED,CENSORED,,,3,0,"11,29,47"
C18,fixed_20,recall_at_R,OBSERVED,0.7697218422252622,1688.0,2193.0,3,3,
C18,frozen_svm,batch_effort_at_75,CENSORED,CENSORED,,,3,0,"11,29,47"
C18,frozen_svm,batch_effort_at_80,CENSORED,CENSORED,,,3,0,"11,29,47"
C18,frozen_svm,batch_effort_at_90,CENSORED,CENSORED,,,3,0,"11,29,47"
C18,frozen_svm,depth_fraction_at_75,CENSORED,CENSORED,,,3,0,"11,29,47"
C18,frozen_svm,depth_fraction_at_80,CENSORED,CENSORED,,,3,0,"11,29,47"
C18,frozen_svm,depth_fraction_at_90,CENSORED,CENSORED,,,3,0,"11,29,47"
C18,frozen_svm,depth_per_positive_at_75,CENSORED,CENSORED,,,3,0,"11,29,47"
C18,frozen_svm,depth_per_positive_at_80,CENSORED,CENSORED,,,3,0,"11,29,47"
C18,frozen_svm,depth_per_positive_at_90,CENSORED,CENSORED,,,3,0,"11,29,47"
C18,frozen_svm,effort_at_75,CENSORED,CENSORED,,,3,0,"11,29,47"
C18,frozen_svm,effort_at_80,CENSORED,CENSORED,,,3,0,"11,29,47"
C18,frozen_svm,effort_at_90,CENSORED,CENSORED,,,3,0,"11,29,47"
C18,frozen_svm,overshoot_at_75,CENSORED,CENSORED,,,3,0,"11,29,47"
C18,frozen_svm,overshoot_at_80,CENSORED,CENSORED,,,3,0,"11,29,47"
C18,frozen_svm,overshoot_at_90,CENSORED,CENSORED,,,3,0,"11,29,47"
C18,frozen_svm,recall_at_1000,OBSERVED,0.18422252621979024,404.0,2193.0,3,3,
C18,frozen_svm,recall_at_1R_plus_0,OBSERVED,0.2391700866393069,1049.0,4386.0,3,3,
C18,frozen_svm,recall_at_1R_plus_100,OBSERVED,0.2501139990880073,1097.0,4386.0,3,3,
C18,frozen_svm,recall_at_1R_plus_1000,OBSERVED,0.3321933424532604,1457.0,4386.0,3,3,
C18,frozen_svm,recall_at_2R,OBSERVED,0.36320109439124487,531.0,1462.0,3,3,
C18,frozen_svm,recall_at_2R_plus_0,OBSERVED,0.36320109439124487,531.0,1462.0,3,3,
C18,frozen_svm,recall_at_2R_plus_100,OBSERVED,0.370953032375741,1627.0,4386.0,3,3,
C18,frozen_svm,recall_at_2R_plus_1000,OBSERVED,0.4220246238030096,617.0,1462.0,3,3,
C18,frozen_svm,recall_at_4R_plus_0,CENSORED,CENSORED,,,3,0,"11,29,47"
C18,frozen_svm,recall_at_4R_plus_100,CENSORED,CENSORED,,,3,0,"11,29,47"
C18,frozen_svm,recall_at_4R_plus_1000,CENSORED,CENSORED,,,3,0,"11,29,47"
C18,frozen_svm,recall_at_R,OBSERVED,0.2391700866393069,1049.0,4386.0,3,3,
C18,random,batch_effort_at_75,CENSORED,CENSORED,,,3,0,"11,29,47"
C18,random,batch_effort_at_80,CENSORED,CENSORED,,,3,0,"11,29,47"
C18,random,batch_effort_at_90,CENSORED,CENSORED,,,3,0,"11,29,47"
C18,random,depth_fraction_at_75,CENSORED,CENSORED,,,3,0,"11,29,47"
C18,random,depth_fraction_at_80,CENSORED,CENSORED,,,3,0,"11,29,47"
C18,random,depth_fraction_at_90,CENSORED,CENSORED,,,3,0,"11,29,47"
C18,random,depth_per_positive_at_75,CENSORED,CENSORED,,,3,0,"11,29,47"
C18,random,depth_per_positive_at_80,CENSORED,CENSORED,,,3,0,"11,29,47"
C18,random,depth_per_positive_at_90,CENSORED,CENSORED,,,3,0,"11,29,47"
C18,random,effort_at_75,CENSORED,CENSORED,,,3,0,"11,29,47"
C18,random,effort_at_80,CENSORED,CENSORED,,,3,0,"11,29,47"
C18,random,effort_at_90,CENSORED,CENSORED,,,3,0,"11,29,47"
C18,random,overshoot_at_75,CENSORED,CENSORED,,,3,0,"11,29,47"
C18,random,overshoot_at_80,CENSORED,CENSORED,,,3,0,"11,29,47"
C18,random,overshoot_at_90,CENSORED,CENSORED,,,3,0,"11,29,47"
C18,random,recall_at_1000,OBSERVED,0.04833561331509348,106.0,2193.0,3,3,
C18,random,recall_at_1R_plus_0,OBSERVED,0.07113543091655267,52.0,731.0,3,3,
C18,random,recall_at_1R_plus_100,OBSERVED,0.07455540355677155,109.0,1462.0,3,3,
C18,random,recall_at_1R_plus_1000,OBSERVED,0.11445508435932512,251.0,2193.0,3,3,
C18,random,recall_at_2R,OBSERVED,0.12904696762425902,283.0,2193.0,3,3,
C18,random,recall_at_2R_plus_0,OBSERVED,0.12904696762425902,283.0,2193.0,3,3,
C18,random,recall_at_2R_plus_100,OBSERVED,0.13406292749658003,98.0,731.0,3,3,
C18,random,recall_at_2R_plus_1000,OBSERVED,0.1684906520747834,739.0,4386.0,3,3,
C18,random,recall_at_4R_plus_0,CENSORED,CENSORED,,,3,0,"11,29,47"
C18,random,recall_at_4R_plus_100,CENSORED,CENSORED,,,3,0,"11,29,47"
C18,random,recall_at_4R_plus_1000,CENSORED,CENSORED,,,3,0,"11,29,47"
C18,random,recall_at_R,OBSERVED,0.07113543091655267,52.0,731.0,3,3,
C18,seed_similarity,batch_effort_at_75,CENSORED,CENSORED,,,3,0,"11,29,47"
C18,seed_similarity,batch_effort_at_80,CENSORED,CENSORED,,,3,0,"11,29,47"
C18,seed_similarity,batch_effort_at_90,CENSORED,CENSORED,,,3,0,"11,29,47"
C18,seed_similarity,depth_fraction_at_75,CENSORED,CENSORED,,,3,0,"11,29,47"
C18,seed_similarity,depth_fraction_at_80,CENSORED,CENSORED,,,3,0,"11,29,47"
C18,seed_similarity,depth_fraction_at_90,CENSORED,CENSORED,,,3,0,"11,29,47"
C18,seed_similarity,depth_per_positive_at_75,CENSORED,CENSORED,,,3,0,"11,29,47"
C18,seed_similarity,depth_per_positive_at_80,CENSORED,CENSORED,,,3,0,"11,29,47"
C18,seed_similarity,depth_per_positive_at_90,CENSORED,CENSORED,,,3,0,"11,29,47"
C18,seed_similarity,effort_at_75,CENSORED,CENSORED,,,3,0,"11,29,47"
C18,seed_similarity,effort_at_80,CENSORED,CENSORED,,,3,0,"11,29,47"
C18,seed_similarity,effort_at_90,CENSORED,CENSORED,,,3,0,"11,29,47"
C18,seed_similarity,overshoot_at_75,CENSORED,CENSORED,,,3,0,"11,29,47"
C18,seed_similarity,overshoot_at_80,CENSORED,CENSORED,,,3,0,"11,29,47"
C18,seed_similarity,overshoot_at_90,CENSORED,CENSORED,,,3,0,"11,29,47"
C18,seed_similarity,recall_at_1000,OBSERVED,0.16712266301869586,733.0,4386.0,3,3,
C18,seed_similarity,recall_at_1R_plus_0,OBSERVED,0.21477428180574556,157.0,731.0,3,3,
C18,seed_similarity,recall_at_1R_plus_100,OBSERVED,0.2241222070223438,983.0,4386.0,3,3,
C18,seed_similarity,recall_at_1R_plus_1000,OBSERVED,0.29867761057911535,655.0,2193.0,3,3,
C18,seed_similarity,recall_at_2R,OBSERVED,0.32945736434108525,85.0,258.0,3,3,
C18,seed_similarity,recall_at_2R_plus_0,OBSERVED,0.32945736434108525,85.0,258.0,3,3,
C18,seed_similarity,recall_at_2R_plus_100,OBSERVED,0.3367533059735522,1477.0,4386.0,3,3,
C18,seed_similarity,recall_at_2R_plus_1000,OBSERVED,0.3955768353853169,1735.0,4386.0,3,3,
C18,seed_similarity,recall_at_4R_plus_0,CENSORED,CENSORED,,,3,0,"11,29,47"
C18,seed_similarity,recall_at_4R_plus_100,CENSORED,CENSORED,,,3,0,"11,29,47"
C18,seed_similarity,recall_at_4R_plus_1000,CENSORED,CENSORED,,,3,0,"11,29,47"
C18,seed_similarity,recall_at_R,OBSERVED,0.21477428180574556,157.0,731.0,3,3,
C18,uncertainty,batch_effort_at_75,OBSERVED,3145.0,3145.0,1.0,3,3,
C18,uncertainty,batch_effort_at_80,OBSERVED,4549.333333333333,13648.0,3.0,3,3,
C18,uncertainty,batch_effort_at_90,CENSORED,CENSORED,,,3,0,"11,29,47"
C18,uncertainty,depth_fraction_at_75,OBSERVED,0.12940803778420953,8987.0,69447.0,3,3,
C18,uncertainty,depth_fraction_at_80,OBSERVED,0.18627154520713637,616.0,3307.0,3,3,
C18,uncertainty,depth_fraction_at_90,CENSORED,CENSORED,,,3,0,"11,29,47"
C18,uncertainty,depth_per_positive_at_75,OBSERVED,2.049019607843137,209.0,102.0,3,3,
C18,uncertainty,depth_per_positive_at_80,OBSERVED,2.9493844049247606,2156.0,731.0,3,3,
C18,uncertainty,depth_per_positive_at_90,CENSORED,CENSORED,,,3,0,"11,29,47"
C18,uncertainty,effort_at_75,OBSERVED,2995.6666666666665,8987.0,3.0,3,3,
C18,uncertainty,effort_at_80,OBSERVED,4312.0,4312.0,1.0,3,3,
C18,uncertainty,effort_at_90,CENSORED,CENSORED,,,3,0,"11,29,47"
C18,uncertainty,overshoot_at_75,OBSERVED,149.33333333333334,448.0,3.0,3,3,
C18,uncertainty,overshoot_at_80,OBSERVED,237.33333333333334,712.0,3.0,3,3,
C18,uncertainty,overshoot_at_90,CENSORED,CENSORED,,,3,0,"11,29,47"
C18,uncertainty,recall_at_1000,OBSERVED,0.35727314181486547,1567.0,4386.0,3,3,
C18,uncertainty,recall_at_1R_plus_0,OBSERVED,0.5015959872321022,1100.0,2193.0,3,3,
C18,uncertainty,recall_at_1R_plus_100,OBSERVED,0.5319197446420428,2333.0,4386.0,3,3,
C18,uncertainty,recall_at_1R_plus_1000,OBSERVED,0.6949384404924761,508.0,731.0,3,3,
C18,uncertainty,recall_at_2R,OBSERVED,0.7457820337437301,3271.0,4386.0,3,3,
C18,uncertainty,recall_at_2R_plus_0,OBSERVED,0.7457820337437301,3271.0,4386.0,3,3,
C18,uncertainty,recall_at_2R_plus_100,OBSERVED,0.7521659826721386,3299.0,4386.0,3,3,
C18,uncertainty,recall_at_2R_plus_1000,OBSERVED,0.7863657090743275,3449.0,4386.0,3,3,
C18,uncertainty,recall_at_4R_plus_0,CENSORED,CENSORED,,,3,0,"11,29,47"
C18,uncertainty,recall_at_4R_plus_100,CENSORED,CENSORED,,,3,0,"11,29,47"
C18,uncertainty,recall_at_4R_plus_1000,CENSORED,CENSORED,,,3,0,"11,29,47"
C18,uncertainty,recall_at_R,OBSERVED,0.5015959872321022,1100.0,2193.0,3,3,
GCRIM,auto_tar,batch_effort_at_75,OBSERVED,1106.0,1106.0,1.0,3,3,
GCRIM,auto_tar,batch_effort_at_80,OBSERVED,1233.0,1233.0,1.0,3,3,
GCRIM,auto_tar,batch_effort_at_90,OBSERVED,1884.0,1884.0,1.0,3,3,
GCRIM,auto_tar,depth_fraction_at_75,OBSERVED,0.044883148300142554,1039.0,23149.0,3,3,
GCRIM,auto_tar,depth_fraction_at_80,OBSERVED,0.0511469177934252,1184.0,23149.0,3,3,
GCRIM,auto_tar,depth_fraction_at_90,OBSERVED,0.07505003815859576,5212.0,69447.0,3,3,
GCRIM,auto_tar,depth_per_positive_at_75,OBSERVED,0.9170344218887908,1039.0,1133.0,3,3,
GCRIM,auto_tar,depth_per_positive_at_80,OBSERVED,1.0450132391879965,1184.0,1133.0,3,3,
GCRIM,auto_tar,depth_per_positive_at_90,OBSERVED,1.5333921741688732,5212.0,3399.0,3,3,
GCRIM,auto_tar,effort_at_75,OBSERVED,1039.0,1039.0,1.0,3,3,
GCRIM,auto_tar,effort_at_80,OBSERVED,1184.0,1184.0,1.0,3,3,
GCRIM,auto_tar,effort_at_90,OBSERVED,1737.3333333333333,5212.0,3.0,3,3,
GCRIM,auto_tar,overshoot_at_75,OBSERVED,67.0,67.0,1.0,3,3,
GCRIM,auto_tar,overshoot_at_80,OBSERVED,49.0,49.0,1.0,3,3,
GCRIM,auto_tar,overshoot_at_90,OBSERVED,146.66666666666666,440.0,3.0,3,3,
GCRIM,auto_tar,recall_at_1000,OBSERVED,0.7293321565166225,2479.0,3399.0,3,3,
GCRIM,auto_tar,recall_at_1R_plus_0,OBSERVED,0.7849367461017946,2668.0,3399.0,3,3,
GCRIM,auto_tar,recall_at_1R_plus_100,OBSERVED,0.8146513680494263,923.0,1133.0,3,3,
GCRIM,auto_tar,recall_at_1R_plus_1000,OBSERVED,0.9252721388643719,3145.0,3399.0,3,3,
GCRIM,auto_tar,recall_at_2R,OBSERVED,0.9288025889967637,287.0,309.0,3,3,
GCRIM,auto_tar,recall_at_2R_plus_0,OBSERVED,0.9288025889967637,287.0,309.0,3,3,
GCRIM,auto_tar,recall_at_2R_plus_100,OBSERVED,0.9335098558399529,3173.0,3399.0,3,3,
GCRIM,auto_tar,recall_at_2R_plus_1000,OBSERVED,0.9558693733451015,1083.0,1133.0,3,3,
GCRIM,auto_tar,recall_at_4R_plus_0,OBSERVED,0.9670491320976757,3287.0,3399.0,3,3,
GCRIM,auto_tar,recall_at_4R_plus_100,OBSERVED,0.9670491320976757,3287.0,3399.0,3,3,
GCRIM,auto_tar,recall_at_4R_plus_1000,CENSORED,CENSORED,,,3,0,"11,29,47"
GCRIM,auto_tar,recall_at_R,OBSERVED,0.7849367461017946,2668.0,3399.0,3,3,
GCRIM,explore_10,batch_effort_at_75,OBSERVED,1233.0,1233.0,1.0,3,3,
GCRIM,explore_10,batch_effort_at_80,OBSERVED,1373.0,1373.0,1.0,3,3,
GCRIM,explore_10,batch_effort_at_90,OBSERVED,2021.3333333333333,6064.0,3.0,3,3,
GCRIM,explore_10,depth_fraction_at_75,OBSERVED,0.04865580946621164,3379.0,69447.0,3,3,
GCRIM,explore_10,depth_fraction_at_80,OBSERVED,0.05435799962561378,3775.0,69447.0,3,3,
GCRIM,explore_10,depth_fraction_at_90,OBSERVED,0.08127060924157992,5644.0,69447.0,3,3,
GCRIM,explore_10,depth_per_positive_at_75,OBSERVED,0.9941159164460135,3379.0,3399.0,3,3,
GCRIM,explore_10,depth_per_positive_at_80,OBSERVED,1.1106207708149456,3775.0,3399.0,3,3,
GCRIM,explore_10,depth_per_positive_at_90,OBSERVED,1.660488378934981,5644.0,3399.0,3,3,
GCRIM,explore_10,effort_at_75,OBSERVED,1126.3333333333333,3379.0,3.0,3,3,
GCRIM,explore_10,effort_at_80,OBSERVED,1258.3333333333333,3775.0,3.0,3,3,
GCRIM,explore_10,effort_at_90,OBSERVED,1881.3333333333333,5644.0,3.0,3,3,
GCRIM,explore_10,overshoot_at_75,OBSERVED,106.66666666666667,320.0,3.0,3,3,
GCRIM,explore_10,overshoot_at_80,OBSERVED,114.66666666666667,344.0,3.0,3,3,
GCRIM,explore_10,overshoot_at_90,OBSERVED,140.0,140.0,1.0,3,3,
GCRIM,explore_10,recall_at_1000,OBSERVED,0.6857899382171226,777.0,1133.0,3,3,
GCRIM,explore_10,recall_at_1R_plus_0,OBSERVED,0.7546337157987644,855.0,1133.0,3,3,
GCRIM,explore_10,recall_at_1R_plus_100,OBSERVED,0.7855251544571933,890.0,1133.0,3,3,
GCRIM,explore_10,recall_at_1R_plus_1000,OBSERVED,0.9167402177110915,3116.0,3399.0,3,3,
GCRIM,explore_10,recall_at_2R,OBSERVED,0.9220358929096794,3134.0,3399.0,3,3,
GCRIM,explore_10,recall_at_2R_plus_0,OBSERVED,0.9220358929096794,3134.0,3399.0,3,3,
GCRIM,explore_10,recall_at_2R_plus_100,OBSERVED,0.9285083848190644,1052.0,1133.0,3,3,
GCRIM,explore_10,recall_at_2R_plus_1000,OBSERVED,0.9514563106796117,98.0,103.0,3,3,
GCRIM,explore_10,recall_at_4R_plus_0,OBSERVED,0.9655781112091791,1094.0,1133.0,3,3,
GCRIM,explore_10,recall_at_4R_plus_100,OBSERVED,0.9664607237422771,1095.0,1133.0,3,3,
GCRIM,explore_10,recall_at_4R_plus_1000,CENSORED,CENSORED,,,3,0,"11,29,47"
GCRIM,explore_10,recall_at_R,OBSERVED,0.7546337157987644,855.0,1133.0,3,3,
GCRIM,fixed_20,batch_effort_at_75,OBSERVED,1047.6666666666667,3143.0,3.0,3,3,
GCRIM,fixed_20,batch_effort_at_80,OBSERVED,1174.3333333333333,3523.0,3.0,3,3,
GCRIM,fixed_20,batch_effort_at_90,OBSERVED,1661.0,1661.0,1.0,3,3,
GCRIM,fixed_20,depth_fraction_at_75,OBSERVED,0.04469595518884905,3104.0,69447.0,3,3,
GCRIM,fixed_20,depth_fraction_at_80,OBSERVED,0.05031174852765418,3494.0,69447.0,3,3,
GCRIM,fixed_20,depth_fraction_at_90,OBSERVED,0.07139257275332268,4958.0,69447.0,3,3,
GCRIM,fixed_20,depth_per_positive_at_75,OBSERVED,0.9132097675786996,3104.0,3399.0,3,3,
GCRIM,fixed_20,depth_per_positive_at_80,OBSERVED,1.0279493968814357,3494.0,3399.0,3,3,
GCRIM,fixed_20,depth_per_positive_at_90,OBSERVED,1.458664313033245,4958.0,3399.0,3,3,
GCRIM,fixed_20,effort_at_75,OBSERVED,1034.6666666666667,3104.0,3.0,3,3,
GCRIM,fixed_20,effort_at_80,OBSERVED,1164.6666666666667,3494.0,3.0,3,3,
GCRIM,fixed_20,effort_at_90,OBSERVED,1652.6666666666667,4958.0,3.0,3,3,
GCRIM,fixed_20,overshoot_at_75,OBSERVED,13.0,13.0,1.0,3,3,
GCRIM,fixed_20,overshoot_at_80,OBSERVED,9.666666666666666,29.0,3.0,3,3,
GCRIM,fixed_20,overshoot_at_90,OBSERVED,8.333333333333334,25.0,3.0,3,3,
GCRIM,fixed_20,recall_at_1000,OBSERVED,0.7299205648720212,827.0,1133.0,3,3,
GCRIM,fixed_20,recall_at_1R_plus_0,OBSERVED,0.7908208296557812,896.0,1133.0,3,3,
GCRIM,fixed_20,recall_at_1R_plus_100,OBSERVED,0.8196528390703148,2786.0,3399.0,3,3,
GCRIM,fixed_20,recall_at_1R_plus_1000,OBSERVED,0.9255663430420712,286.0,309.0,3,3,
GCRIM,fixed_20,recall_at_2R,OBSERVED,0.9340982641953516,3175.0,3399.0,3,3,
GCRIM,fixed_20,recall_at_2R_plus_0,OBSERVED,0.9340982641953516,3175.0,3399.0,3,3,
GCRIM,fixed_20,recall_at_2R_plus_100,OBSERVED,0.9355692850838482,1060.0,1133.0,3,3,
GCRIM,fixed_20,recall_at_2R_plus_1000,OBSERVED,0.9582230067666961,3257.0,3399.0,3,3,
GCRIM,fixed_20,recall_at_4R_plus_0,OBSERVED,0.9673433362753752,1096.0,1133.0,3,3,
GCRIM,fixed_20,recall_at_4R_plus_100,OBSERVED,0.9673433362753752,1096.0,1133.0,3,3,
GCRIM,fixed_20,recall_at_4R_plus_1000,CENSORED,CENSORED,,,3,0,"11,29,47"
GCRIM,fixed_20,recall_at_R,OBSERVED,0.7908208296557812,896.0,1133.0,3,3,
GCRIM,frozen_svm,batch_effort_at_75,CENSORED,CENSORED,,,3,1,"29,47"
GCRIM,frozen_svm,batch_effort_at_80,CENSORED,CENSORED,,,3,1,"29,47"
GCRIM,frozen_svm,batch_effort_at_90,CENSORED,CENSORED,,,3,0,"11,29,47"
GCRIM,frozen_svm,depth_fraction_at_75,CENSORED,CENSORED,,,3,1,"29,47"
GCRIM,frozen_svm,depth_fraction_at_80,CENSORED,CENSORED,,,3,1,"29,47"
GCRIM,frozen_svm,depth_fraction_at_90,CENSORED,CENSORED,,,3,0,"11,29,47"
GCRIM,frozen_svm,depth_per_positive_at_75,CENSORED,CENSORED,,,3,1,"29,47"
GCRIM,frozen_svm,depth_per_positive_at_80,CENSORED,CENSORED,,,3,1,"29,47"
GCRIM,frozen_svm,depth_per_positive_at_90,CENSORED,CENSORED,,,3,0,"11,29,47"
GCRIM,frozen_svm,effort_at_75,CENSORED,CENSORED,,,3,1,"29,47"
GCRIM,frozen_svm,effort_at_80,CENSORED,CENSORED,,,3,1,"29,47"
GCRIM,frozen_svm,effort_at_90,CENSORED,CENSORED,,,3,0,"11,29,47"
GCRIM,frozen_svm,overshoot_at_75,CENSORED,CENSORED,,,3,1,"29,47"
GCRIM,frozen_svm,overshoot_at_80,CENSORED,CENSORED,,,3,1,"29,47"
GCRIM,frozen_svm,overshoot_at_90,CENSORED,CENSORED,,,3,0,"11,29,47"
GCRIM,frozen_svm,recall_at_1000,OBSERVED,0.2918505442777287,992.0,3399.0,3,3,
GCRIM,frozen_svm,recall_at_1R_plus_0,OBSERVED,0.3174463077375699,1079.0,3399.0,3,3,
GCRIM,frozen_svm,recall_at_1R_plus_100,OBSERVED,0.333039129155634,1132.0,3399.0,3,3,
GCRIM,frozen_svm,recall_at_1R_plus_1000,OBSERVED,0.45483965872315385,1546.0,3399.0,3,3,
GCRIM,frozen_svm,recall_at_2R,OBSERVED,0.47072668431891734,1600.0,3399.0,3,3,
GCRIM,frozen_svm,recall_at_2R_plus_0,OBSERVED,0.47072668431891734,1600.0,3399.0,3,3,
GCRIM,frozen_svm,recall_at_2R_plus_100,OBSERVED,0.4816122388937923,1637.0,3399.0,3,3,
GCRIM,frozen_svm,recall_at_2R_plus_1000,OBSERVED,0.5651662253604001,1921.0,3399.0,3,3,
GCRIM,frozen_svm,recall_at_4R_plus_0,OBSERVED,0.655192703736393,2227.0,3399.0,3,3,
GCRIM,frozen_svm,recall_at_4R_plus_100,OBSERVED,0.6598999705795823,2243.0,3399.0,3,3,
GCRIM,frozen_svm,recall_at_4R_plus_1000,CENSORED,CENSORED,,,3,0,"11,29,47"
GCRIM,frozen_svm,recall_at_R,OBSERVED,0.3174463077375699,1079.0,3399.0,3,3,
GCRIM,random,batch_effort_at_75,CENSORED,CENSORED,,,3,0,"11,29,47"
GCRIM,random,batch_effort_at_80,CENSORED,CENSORED,,,3,0,"11,29,47"
GCRIM,random,batch_effort_at_90,CENSORED,CENSORED,,,3,0,"11,29,47"
GCRIM,random,depth_fraction_at_75,CENSORED,CENSORED,,,3,0,"11,29,47"
GCRIM,random,depth_fraction_at_80,CENSORED,CENSORED,,,3,0,"11,29,47"
GCRIM,random,depth_fraction_at_90,CENSORED,CENSORED,,,3,0,"11,29,47"
GCRIM,random,depth_per_positive_at_75,CENSORED,CENSORED,,,3,0,"11,29,47"
GCRIM,random,depth_per_positive_at_80,CENSORED,CENSORED,,,3,0,"11,29,47"
GCRIM,random,depth_per_positive_at_90,CENSORED,CENSORED,,,3,0,"11,29,47"
GCRIM,random,effort_at_75,CENSORED,CENSORED,,,3,0,"11,29,47"
GCRIM,random,effort_at_80,CENSORED,CENSORED,,,3,0,"11,29,47"
GCRIM,random,effort_at_90,CENSORED,CENSORED,,,3,0,"11,29,47"
GCRIM,random,overshoot_at_75,CENSORED,CENSORED,,,3,0,"11,29,47"
GCRIM,random,overshoot_at_80,CENSORED,CENSORED,,,3,0,"11,29,47"
GCRIM,random,overshoot_at_90,CENSORED,CENSORED,,,3,0,"11,29,47"
GCRIM,random,recall_at_1000,OBSERVED,0.04766107678729038,54.0,1133.0,3,3,
GCRIM,random,recall_at_1R_plus_0,OBSERVED,0.054133568696675495,184.0,3399.0,3,3,
GCRIM,random,recall_at_1R_plus_100,OBSERVED,0.057664018829067375,196.0,3399.0,3,3,
GCRIM,random,recall_at_1R_plus_1000,OBSERVED,0.09532215357458076,108.0,1133.0,3,3,
GCRIM,random,recall_at_2R,OBSERVED,0.10238305383936452,116.0,1133.0,3,3,
GCRIM,random,recall_at_2R_plus_0,OBSERVED,0.10238305383936452,116.0,1133.0,3,3,
GCRIM,random,recall_at_2R_plus_100,OBSERVED,0.10679611650485436,11.0,103.0,3,3,
GCRIM,random,recall_at_2R_plus_1000,OBSERVED,0.14563106796116504,15.0,103.0,3,3,
GCRIM,random,recall_at_4R_plus_0,OBSERVED,0.20270667843483378,689.0,3399.0,3,3,
GCRIM,random,recall_at_4R_plus_100,OBSERVED,0.20741394527802295,235.0,1133.0,3,3,
GCRIM,random,recall_at_4R_plus_1000,CENSORED,CENSORED,,,3,0,"11,29,47"
GCRIM,random,recall_at_R,OBSERVED,0.054133568696675495,184.0,3399.0,3,3,
GCRIM,seed_similarity,batch_effort_at_75,CENSORED,CENSORED,,,3,1,"29,47"
GCRIM,seed_similarity,batch_effort_at_80,CENSORED,CENSORED,,,3,1,"29,47"
GCRIM,seed_similarity,batch_effort_at_90,CENSORED,CENSORED,,,3,0,"11,29,47"
GCRIM,seed_similarity,depth_fraction_at_75,CENSORED,CENSORED,,,3,1,"29,47"
GCRIM,seed_similarity,depth_fraction_at_80,CENSORED,CENSORED,,,3,1,"29,47"
GCRIM,seed_similarity,depth_fraction_at_90,CENSORED,CENSORED,,,3,0,"11,29,47"
GCRIM,seed_similarity,depth_per_positive_at_75,CENSORED,CENSORED,,,3,1,"29,47"
GCRIM,seed_similarity,depth_per_positive_at_80,CENSORED,CENSORED,,,3,1,"29,47"
GCRIM,seed_similarity,depth_per_positive_at_90,CENSORED,CENSORED,,,3,0,"11,29,47"
GCRIM,seed_similarity,effort_at_75,CENSORED,CENSORED,,,3,1,"29,47"
GCRIM,seed_similarity,effort_at_80,CENSORED,CENSORED,,,3,1,"29,47"
GCRIM,seed_similarity,effort_at_90,CENSORED,CENSORED,,,3,0,"11,29,47"
GCRIM,seed_similarity,overshoot_at_75,CENSORED,CENSORED,,,3,1,"29,47"
GCRIM,seed_similarity,overshoot_at_80,CENSORED,CENSORED,,,3,1,"29,47"
GCRIM,seed_similarity,overshoot_at_90,CENSORED,CENSORED,,,3,0,"11,29,47"
GCRIM,seed_similarity,recall_at_1000,OBSERVED,0.2750809061488673,85.0,309.0,3,3,
GCRIM,seed_similarity,recall_at_1R_plus_0,OBSERVED,0.2971462194763166,1010.0,3399.0,3,3,
GCRIM,seed_similarity,recall_at_1R_plus_100,OBSERVED,0.3115622241835834,353.0,1133.0,3,3,
GCRIM,seed_similarity,recall_at_1R_plus_1000,OBSERVED,0.40688437775816416,461.0,1133.0,3,3,
GCRIM,seed_similarity,recall_at_2R,OBSERVED,0.41894674904383644,1424.0,3399.0,3,3,
GCRIM,seed_similarity,recall_at_2R_plus_0,OBSERVED,0.41894674904383644,1424.0,3399.0,3,3,
GCRIM,seed_similarity,recall_at_2R_plus_100,OBSERVED,0.4251250367755222,1445.0,3399.0,3,3,
GCRIM,seed_similarity,recall_at_2R_plus_1000,OBSERVED,0.502206531332745,569.0,1133.0,3,3,
GCRIM,seed_similarity,recall_at_4R_plus_0,OBSERVED,0.5828184760223595,1981.0,3399.0,3,3,
GCRIM,seed_similarity,recall_at_4R_plus_100,OBSERVED,0.5889967637540453,182.0,309.0,3,3,
GCRIM,seed_similarity,recall_at_4R_plus_1000,CENSORED,CENSORED,,,3,0,"11,29,47"
GCRIM,seed_similarity,recall_at_R,OBSERVED,0.2971462194763166,1010.0,3399.0,3,3,
GCRIM,uncertainty,batch_effort_at_75,CENSORED,CENSORED,,,3,1,"11,47"
GCRIM,uncertainty,batch_effort_at_80,CENSORED,CENSORED,,,3,0,"11,29,47"
GCRIM,uncertainty,batch_effort_at_90,CENSORED,CENSORED,,,3,0,"11,29,47"
GCRIM,uncertainty,depth_fraction_at_75,CENSORED,CENSORED,,,3,1,"11,47"
GCRIM,uncertainty,depth_fraction_at_80,CENSORED,CENSORED,,,3,0,"11,29,47"
GCRIM,uncertainty,depth_fraction_at_90,CENSORED,CENSORED,,,3,0,"11,29,47"
GCRIM,uncertainty,depth_per_positive_at_75,CENSORED,CENSORED,,,3,1,"11,47"
GCRIM,uncertainty,depth_per_positive_at_80,CENSORED,CENSORED,,,3,0,"11,29,47"
GCRIM,uncertainty,depth_per_positive_at_90,CENSORED,CENSORED,,,3,0,"11,29,47"
GCRIM,uncertainty,effort_at_75,CENSORED,CENSORED,,,3,1,"11,47"
GCRIM,uncertainty,effort_at_80,CENSORED,CENSORED,,,3,0,"11,29,47"
GCRIM,uncertainty,effort_at_90,CENSORED,CENSORED,,,3,0,"11,29,47"
GCRIM,uncertainty,overshoot_at_75,CENSORED,CENSORED,,,3,1,"11,47"
GCRIM,uncertainty,overshoot_at_80,CENSORED,CENSORED,,,3,0,"11,29,47"
GCRIM,uncertainty,overshoot_at_90,CENSORED,CENSORED,,,3,0,"11,29,47"
GCRIM,uncertainty,recall_at_1000,OBSERVED,0.4336569579288026,134.0,309.0,3,3,
GCRIM,uncertainty,recall_at_1R_plus_0,OBSERVED,0.4836716681376876,548.0,1133.0,3,3,
GCRIM,uncertainty,recall_at_1R_plus_100,OBSERVED,0.5063253898205354,1721.0,3399.0,3,3,
GCRIM,uncertainty,recall_at_1R_plus_1000,OBSERVED,0.6463665784054133,2197.0,3399.0,3,3,
GCRIM,uncertainty,recall_at_2R,OBSERVED,0.6566637246248896,744.0,1133.0,3,3,
GCRIM,uncertainty,recall_at_2R_plus_0,OBSERVED,0.6566637246248896,744.0,1133.0,3,3,
GCRIM,uncertainty,recall_at_2R_plus_100,OBSERVED,0.6649014416004707,2260.0,3399.0,3,3,
GCRIM,uncertainty,recall_at_2R_plus_1000,OBSERVED,0.707855251544572,802.0,1133.0,3,3,
GCRIM,uncertainty,recall_at_4R_plus_0,OBSERVED,0.7419829361576934,2522.0,3399.0,3,3,
GCRIM,uncertainty,recall_at_4R_plus_100,OBSERVED,0.7434539570461901,2527.0,3399.0,3,3,
GCRIM,uncertainty,recall_at_4R_plus_1000,CENSORED,CENSORED,,,3,0,"11,29,47"
GCRIM,uncertainty,recall_at_R,OBSERVED,0.4836716681376876,548.0,1133.0,3,3,
