n,positives,reviewed,found_at_20,precision_at_20,recall_at_20,found_at_100,precision_at_100,recall_at_100,found_at_500,precision_at_500,recall_at_500,found_at_1000,precision_at_1000,recall_at_1000,found_at_2000,precision_at_2000,recall_at_2000,found_at_5000,precision_at_5000,recall_at_5000,effort_at_75,wss_at_75,effort_at_90,wss_at_90,topic,seed,policy,seed_doc_id,fits,seconds,batch_effort_at_75,batch_effort_at_90
23149,381,5000,1,0.05,0.0026246719160104987,6,0.06,0.015748031496062992,9,0.018,0.023622047244094488,20,0.02,0.05249343832020997,39,0.0195,0.10236220472440945,85,0.017,0.2230971128608924,,,,,C12,11,random,5782,0,0.01657657599992035,,
23149,381,5000,19,0.95,0.049868766404199474,74,0.74,0.1942257217847769,149,0.298,0.3910761154855643,200,0.2,0.5249343832020997,261,0.1305,0.6850393700787402,312,0.0624,0.8188976377952756,2904.0,0.6245518164931531,,,C12,11,seed_similarity,5782,0,0.5133590249999997,3145.0,
23149,381,5000,19,0.95,0.049868766404199474,74,0.74,0.1942257217847769,186,0.372,0.4881889763779528,240,0.24,0.6299212598425197,288,0.144,0.7559055118110236,336,0.0672,0.8818897637795275,1965.0,0.6651151237634455,,,C12,11,frozen_svm,5782,1,0.3752519019999454,2090.0,
23149,381,5000,14,0.7,0.03674540682414698,70,0.7,0.1837270341207349,214,0.428,0.5616797900262467,285,0.285,0.7480314960629921,308,0.154,0.8083989501312336,332,0.0664,0.8713910761154856,1033.0,0.7053760421616484,,,C12,11,uncertainty,5782,47,3.106081386000028,1106.0,
23149,381,5000,19,0.95,0.049868766404199474,78,0.78,0.2047244094488189,276,0.552,0.7244094488188977,340,0.34,0.8923884514435696,355,0.1775,0.931758530183727,371,0.0742,0.973753280839895,562.0,0.7257224934122424,1105.0,0.8522657566201564,C12,11,auto_tar,5782,47,2.812217872999895,631.0,1106.0
23149,381,5000,19,0.95,0.049868766404199474,78,0.78,0.2047244094488189,286,0.572,0.7506561679790026,342,0.342,0.8976377952755905,355,0.1775,0.931758530183727,371,0.0742,0.973753280839895,496.0,0.7285735884919435,1054.0,0.85446887554538,C12,11,fixed_20,5782,250,30.823903746000042,501.0,1061.0
23149,381,5000,19,0.95,0.049868766404199474,78,0.78,0.2047244094488189,276,0.552,0.7244094488188977,337,0.337,0.884514435695538,355,0.1775,0.931758530183727,371,0.0742,0.973753280839895,554.0,0.7260680806946305,1182.0,0.8489394790271718,C12,11,explore_10,5782,47,3.1179097689999935,561.0,1233.0
23149,381,5000,1,0.05,0.0026246719160104987,3,0.03,0.007874015748031496,12,0.024,0.031496062992125984,26,0.026,0.06824146981627296,42,0.021,0.11023622047244094,88,0.0176,0.23097112860892388,,,,,C12,29,random,24738,0,0.016164975000037884,,
23149,381,5000,3,0.15,0.007874015748031496,18,0.18,0.047244094488188976,74,0.148,0.1942257217847769,124,0.124,0.32545931758530183,172,0.086,0.45144356955380577,266,0.0532,0.6981627296587927,,,,,C12,29,seed_similarity,24738,0,0.6221410800000058,,
23149,381,5000,3,0.15,0.007874015748031496,16,0.16,0.04199475065616798,65,0.13,0.17060367454068243,112,0.112,0.29396325459317585,187,0.0935,0.49081364829396323,292,0.0584,0.7664041994750657,4716.0,0.5462762970322692,,,C12,29,frozen_svm,24738,1,0.3838691949999884,5000.0,
23149,381,5000,1,0.05,0.0026246719160104987,42,0.42,0.11023622047244094,212,0.424,0.5564304461942258,286,0.286,0.7506561679790026,309,0.1545,0.8110236220472441,335,0.067,0.8792650918635171,979.0,0.7077087563177675,,,C12,29,uncertainty,24738,47,3.3846578949999184,991.0,
23149,381,5000,1,0.05,0.0026246719160104987,42,0.42,0.11023622047244094,283,0.566,0.7427821522309711,336,0.336,0.8818897637795275,355,0.1775,0.931758530183727,371,0.0742,0.973753280839895,519.0,0.727580025055078,1108.0,0.8521361613892608,C12,29,auto_tar,24738,47,2.9218996150000294,561.0,1233.0
23149,381,5000,3,0.15,0.007874015748031496,68,0.68,0.1784776902887139,281,0.562,0.7375328083989501,340,0.34,0.8923884514435696,355,0.1775,0.931758530183727,371,0.0742,0.973753280839895,521.0,0.7274936282344809,1082.0,0.8532593200570219,C12,29,fixed_20,24738,250,30.746914500000003,521.0,1101.0
23149,381,5000,1,0.05,0.0026246719160104987,46,0.46,0.12073490813648294,270,0.54,0.7086614173228346,337,0.337,0.884514435695538,356,0.178,0.9343832020997376,372,0.0744,0.9763779527559056,562.0,0.7257224934122424,1150.0,0.8503218281567239,C12,29,explore_10,24738,47,3.5765081140000348,631.0,1233.0
23149,381,5000,2,0.1,0.005249343832020997,3,0.03,0.007874015748031496,9,0.018,0.023622047244094488,14,0.014,0.03674540682414698,24,0.012,0.06299212598425197,80,0.016,0.2099737532808399,,,,,C12,47,random,5197,0,0.016367464999916592,,
23149,381,5000,8,0.4,0.02099737532808399,41,0.41,0.10761154855643044,127,0.254,0.3333333333333333,161,0.161,0.4225721784776903,212,0.106,0.5564304461942258,283,0.0566,0.7427821522309711,,,,,C12,47,seed_similarity,5197,0,0.4788991480000959,,
23149,381,5000,7,0.35,0.01837270341207349,32,0.32,0.08398950131233596,118,0.236,0.30971128608923887,163,0.163,0.42782152230971127,205,0.1025,0.5380577427821522,267,0.0534,0.7007874015748031,,,,,C12,47,frozen_svm,5197,1,0.3359495249999327,,
23149,381,5000,14,0.7,0.03674540682414698,66,0.66,0.1732283464566929,221,0.442,0.5800524934383202,279,0.279,0.7322834645669292,309,0.1545,0.8110236220472441,339,0.0678,0.889763779527559,1085.0,0.7031297248261263,,,C12,47,uncertainty,5197,47,3.0798344799999313,1106.0,
23149,381,5000,14,0.7,0.03674540682414698,89,0.89,0.2335958005249344,282,0.564,0.7401574803149606,343,0.343,0.9002624671916011,355,0.1775,0.931758530183727,371,0.0742,0.973753280839895,518.0,0.7276232234653764,1000.0,0.856801589701499,C12,47,auto_tar,5197,47,2.9914377530001275,561.0,1106.0
23149,381,5000,7,0.35,0.01837270341207349,79,0.79,0.2073490813648294,289,0.578,0.7585301837270341,341,0.341,0.89501312335958,355,0.1775,0.931758530183727,371,0.0742,0.973753280839895,490.0,0.7288327789537346,1062.0,0.8541232882629919,C12,47,fixed_20,5197,250,30.92990907400008,501.0,1081.0
23149,381,5000,14,0.7,0.03674540682414698,85,0.85,0.2230971128608924,279,0.558,0.7322834645669292,337,0.337,0.884514435695538,355,0.1775,0.931758530183727,371,0.0742,0.973753280839895,530.0,0.7271048425417944,1180.0,0.8490258758477688,C12,47,explore_10,5197,47,2.9187896559999444,561.0,1233.0
23149,4179,5000,5,0.25,0.0011964584828906438,27,0.27,0.006460875807609476,106,0.212,0.025364919837281646,193,0.193,0.046183297439578844,364,0.182,0.08710217755443886,891,0.1782,0.2132089016511127,,,,,C15,11,random,5272,0,0.01890279000008377,,
23149,4179,5000,20,1.0,0.004785833931562575,97,0.97,0.023211294568078487,449,0.898,0.10744197176357981,868,0.868,0.20770519262981574,1570,0.785,0.3756879636276621,2709,0.5418,0.6482412060301508,,,,,C15,11,seed_similarity,5272,0,0.6313295589998233,,
23149,4179,5000,20,1.0,0.004785833931562575,93,0.93,0.022254127781765973,372,0.744,0.0890165111270639,636,0.636,0.15218951902368988,1065,0.5325,0.2548456568557071,1915,0.383,0.4582435989471165,,,,,C15,11,frozen_svm,5272,1,0.3678135539998948,,
23149,4179,5000,18,0.9,0.004307250538406317,85,0.85,0.020339794209140942,312,0.624,0.07465900933237617,550,0.55,0.1316104331179708,1028,0.514,0.24599186408231635,1775,0.355,0.4247427614261785,,,,,C15,11,uncertainty,5272,47,9.494708599999967,,
23149,4179,5000,18,0.9,0.004307250538406317,98,0.98,0.023450586264656615,491,0.982,0.11749222301986122,989,0.989,0.23665948791576932,1979,0.9895,0.47355826752811675,3896,0.7792,0.9322804498683895,3273.0,0.6086116030930062,4423.0,0.7089334312497301,C15,11,auto_tar,5272,47,2.2874065999999402,3479.0,4698.0
23149,4179,5000,20,1.0,0.004785833931562575,100,1.0,0.023929169657812874,488,0.976,0.11677434793012682,986,0.986,0.23594161282603493,1982,0.991,0.47427614261785117,3926,0.7852,0.9394592007657334,3223.0,0.6107715236079312,4283.0,0.7149812086915202,C15,11,fixed_20,5272,250,23.358860052999944,3241.0,4301.0
23149,4179,5000,18,0.9,0.004307250538406317,95,0.95,0.02273271117492223,455,0.91,0.10887772194304858,913,0.913,0.21847331897583153,1833,0.9165,0.43862167982771,3816,0.7632,0.9131371141421393,3555.0,0.5964296513888289,4817.0,0.6919132575921206,C15,11,explore_10,5272,47,1.7309671200000594,3847.0,5000.0
23149,4179,5000,3,0.15,0.0007178750897343862,16,0.16,0.00382866714525006,92,0.184,0.022014836085187842,192,0.192,0.04594400574300072,378,0.189,0.09045226130653267,900,0.18,0.21536252692031588,,,,,C15,29,random,24286,0,0.01611665899986292,,
23149,4179,5000,20,1.0,0.004785833931562575,100,1.0,0.023929169657812874,496,0.992,0.11868868150275186,979,0.979,0.23426657094998804,1716,0.858,0.4106245513280689,2706,0.5412,0.6475233309404164,,,,,C15,29,seed_similarity,24286,0,0.4907663140002114,,
23149,4179,5000,20,1.0,0.004785833931562575,98,0.98,0.023450586264656615,492,0.984,0.11773151471643933,913,0.913,0.21847331897583153,1517,0.7585,0.3630055037090213,2285,0.457,0.5467815266810242,,,,,C15,29,frozen_svm,24286,1,0.3867037640000035,,
23149,4179,5000,20,1.0,0.004785833931562575,91,0.91,0.021775544388609715,300,0.6,0.07178750897343862,555,0.555,0.13280689160086145,1019,0.5095,0.24383823881311317,1774,0.3548,0.4245034697296004,,,,,C15,29,uncertainty,24286,47,10.517938057000038,,
23149,4179,5000,20,1.0,0.004785833931562575,100,1.0,0.023929169657812874,499,0.998,0.11940655659248624,998,0.998,0.23881311318497248,1992,0.996,0.4766690595836324,3876,0.7752,0.927494615936827,3320.0,0.6065812778089766,4570.0,0.7025832649358503,C15,29,auto_tar,24286,47,1.894954910000024,3479.0,4698.0
23149,4179,5000,20,1.0,0.004785833931562575,100,1.0,0.023929169657812874,498,0.996,0.1191672648959081,998,0.998,0.23881311318497248,1994,0.997,0.4771476429767887,3932,0.7864,0.9408949509452021,3219.0,0.6109443172491252,4262.0,0.7158883753077887,C15,29,fixed_20,24286,250,30.016398729000002,3221.0,4281.0
23149,4179,5000,20,1.0,0.004785833931562575,98,0.98,0.023450586264656615,470,0.94,0.1124670973917205,925,0.925,0.22134481933476907,1846,0.923,0.4417324718832257,3817,0.7634,0.9133764058387174,3518.0,0.5980279925698735,4758.0,0.6944619637997322,C15,29,explore_10,24286,47,1.3078720790001626,3847.0,5000.0
23149,4179,5000,4,0.2,0.000957166786312515,16,0.16,0.00382866714525006,86,0.172,0.020579085905719073,175,0.175,0.04187604690117253,356,0.178,0.08518784398181384,911,0.1822,0.2179947355826753,,,,,C15,47,random,4547,0,0.0262018910000279,,
23149,4179,5000,10,0.5,0.0023929169657812875,60,0.6,0.014357501794687724,250,0.5,0.059822924144532184,442,0.442,0.1057669298875329,768,0.384,0.18377602297200288,1765,0.353,0.42234984446039725,,,,,C15,47,seed_similarity,4547,0,0.7578430350001781,,
23149,4179,5000,9,0.45,0.0021536252692031586,36,0.36,0.008614501076812634,199,0.398,0.047619047619047616,376,0.376,0.0899736779133764,701,0.3505,0.16774347930126823,1500,0.3,0.3589375448671931,,,,,C15,47,frozen_svm,4547,1,0.4032839150002019,,
23149,4179,5000,9,0.45,0.0021536252692031586,86,0.86,0.020579085905719073,307,0.614,0.07346255084948553,552,0.552,0.13208901651112706,1032,0.516,0.24694903086862885,1781,0.3562,0.4261785116056473,,,,,C15,47,uncertainty,4547,47,10.93577726600006,,
23149,4179,5000,12,0.6,0.002871500358937545,92,0.92,0.022014836085187842,492,0.984,0.11773151471643933,990,0.99,0.23689877961234745,1978,0.989,0.47331897583153865,3891,0.7782,0.9310839913854989,3312.0,0.6069268650913646,4467.0,0.707032701196596,C15,47,auto_tar,4547,47,2.972451224999986,3479.0,4698.0
23149,4179,5000,9,0.45,0.0021536252692031586,86,0.86,0.020579085905719073,486,0.972,0.11629576453697056,984,0.984,0.23546302943287867,1978,0.989,0.47331897583153865,3924,0.7848,0.9389806173725772,3235.0,0.6102531426843492,4310.0,0.7138148516134606,C15,47,fixed_20,4547,250,35.15880826900002,3241.0,4321.0
23149,4179,5000,12,0.6,0.002871500358937545,89,0.89,0.02129696099545346,459,0.918,0.10983488872936109,920,0.92,0.22014836085187844,1842,0.921,0.44077530509691315,3842,0.7684,0.9193586982531706,3516.0,0.5981143893904705,4637.0,0.6996889714458508,C15,47,explore_10,4547,47,1.614257340999984,3847.0,4698.0
23149,49,5000,2,0.1,0.04081632653061224,2,0.02,0.04081632653061224,4,0.008,0.08163265306122448,4,0.004,0.08163265306122448,4,0.002,0.08163265306122448,8,0.0016,0.16326530612244897,,,,,C16,11,random,3296,0,0.01649978800014651,,
23149,49,5000,1,0.05,0.02040816326530612,1,0.01,0.02040816326530612,2,0.004,0.04081632653061224,8,0.008,0.16326530612244897,14,0.007,0.2857142857142857,21,0.0042,0.42857142857142855,,,,,C16,11,seed_similarity,3296,0,0.6654750860000149,,
23149,49,5000,1,0.05,0.02040816326530612,1,0.01,0.02040816326530612,3,0.006,0.061224489795918366,10,0.01,0.20408163265306123,12,0.006,0.24489795918367346,18,0.0036,0.3673469387755102,,,,,C16,11,frozen_svm,3296,1,0.3264491239999643,,
23149,49,5000,1,0.05,0.02040816326530612,1,0.01,0.02040816326530612,41,0.082,0.8367346938775511,44,0.044,0.8979591836734694,45,0.0225,0.9183673469387755,46,0.0092,0.9387755102040817,395.0,0.7329366279320921,1639.0,0.8291978055207568,C16,11,uncertainty,3296,47,1.36389539899983,441.0,1697.0
23149,49,5000,1,0.05,0.02040816326530612,1,0.01,0.02040816326530612,41,0.082,0.8367346938775511,44,0.044,0.8979591836734694,45,0.0225,0.9183673469387755,46,0.0092,0.9387755102040817,395.0,0.7329366279320921,1639.0,0.8291978055207568,C16,11,auto_tar,3296,47,1.3292415280000114,441.0,1697.0
23149,49,5000,1,0.05,0.02040816326530612,1,0.01,0.02040816326530612,42,0.084,0.8571428571428571,44,0.044,0.8979591836734694,45,0.0225,0.9183673469387755,46,0.0092,0.9387755102040817,403.0,0.732591040649704,1642.0,0.8290682102898613,C16,11,fixed_20,3296,250,9.306165691999922,421.0,1661.0
23149,49,5000,1,0.05,0.02040816326530612,1,0.01,0.02040816326530612,41,0.082,0.8367346938775511,44,0.044,0.8979591836734694,45,0.0225,0.9183673469387755,46,0.0092,0.9387755102040817,444.0,0.7308199058274656,1782.0,0.8230204328480712,C16,11,explore_10,3296,47,1.140418058000023,498.0,1884.0
23149,49,5000,1,0.05,0.02040816326530612,1,0.01,0.02040816326530612,1,0.002,0.02040816326530612,1,0.001,0.02040816326530612,2,0.001,0.04081632653061224,12,0.0024,0.24489795918367346,,,,,C16,29,random,22270,0,0.01585461599984228,,
23149,49,5000,1,0.05,0.02040816326530612,1,0.01,0.02040816326530612,2,0.004,0.04081632653061224,7,0.007,0.14285714285714285,12,0.006,0.24489795918367346,20,0.004,0.40816326530612246,,,,,C16,29,seed_similarity,22270,0,0.47962517900009516,,
23149,49,5000,1,0.05,0.02040816326530612,1,0.01,0.02040816326530612,3,0.006,0.061224489795918366,4,0.004,0.08163265306122448,7,0.0035,0.14285714285714285,18,0.0036,0.3673469387755102,,,,,C16,29,frozen_svm,22270,1,0.31076474300016343,,
23149,49,5000,1,0.05,0.02040816326530612,1,0.01,0.02040816326530612,44,0.088,0.8979591836734694,44,0.044,0.8979591836734694,44,0.022,0.8979591836734694,45,0.009,0.9183673469387755,236.0,0.7398051751695538,3946.0,0.729539072962115,C16,29,uncertainty,22270,47,1.555494316000022,266.0,4252.0
23149,49,5000,1,0.05,0.02040816326530612,1,0.01,0.02040816326530612,44,0.088,0.8979591836734694,44,0.044,0.8979591836734694,44,0.022,0.8979591836734694,45,0.009,0.9183673469387755,236.0,0.7398051751695538,3946.0,0.729539072962115,C16,29,auto_tar,22270,47,1.337092329999905,266.0,4252.0
23149,49,5000,1,0.05,0.02040816326530612,1,0.01,0.02040816326530612,42,0.084,0.8571428571428571,43,0.043,0.8775510204081632,44,0.022,0.8979591836734694,45,0.009,0.9183673469387755,282.0,0.7378180482958228,3938.0,0.729884660244503,C16,29,fixed_20,22270,250,16.59022041000003,301.0,3941.0
23149,49,5000,1,0.05,0.02040816326530612,1,0.01,0.02040816326530612,44,0.088,0.8979591836734694,44,0.044,0.8979591836734694,44,0.022,0.8979591836734694,45,0.009,0.9183673469387755,255.0,0.7389844053738822,4319.0,0.7134260659207742,C16,29,explore_10,22270,47,1.9143657039999198,266.0,4698.0
23149,49,5000,1,0.05,0.02040816326530612,1,0.01,0.02040816326530612,1,0.002,0.02040816326530612,1,0.001,0.02040816326530612,6,0.003,0.12244897959183673,12,0.0024,0.24489795918367346,,,,,C16,47,random,2729,0,0.025452978999965126,,
23149,49,5000,2,0.1,0.04081632653061224,7,0.07,0.14285714285714285,28,0.056,0.5714285714285714,31,0.031,0.6326530612244898,35,0.0175,0.7142857142857143,43,0.0086,0.8775510204081632,2876.0,0.625761371981511,,,C16,47,seed_similarity,2729,0,0.7276671399999941,3145.0,
23149,49,5000,2,0.1,0.04081632653061224,7,0.07,0.14285714285714285,28,0.056,0.5714285714285714,31,0.031,0.6326530612244898,33,0.0165,0.673469387755102,38,0.0076,0.7755102040816326,4629.0,0.5500345587282388,,,C16,47,frozen_svm,2729,1,0.45375535700009095,4698.0,
23149,49,5000,13,0.65,0.2653061224489796,32,0.32,0.6530612244897959,42,0.084,0.8571428571428571,42,0.042,0.8571428571428571,43,0.0215,0.8775510204081632,45,0.009,0.9183673469387755,177.0,0.7423538813771653,4965.0,0.6855198928679425,C16,47,uncertainty,2729,47,1.5865843980000136,203.0,5000.0
23149,49,5000,13,0.65,0.2653061224489796,31,0.31,0.6326530612244898,42,0.084,0.8571428571428571,42,0.042,0.8571428571428571,43,0.0215,0.8775510204081632,45,0.009,0.9183673469387755,181.0,0.7421810877359714,4965.0,0.6855198928679425,C16,47,auto_tar,2729,47,1.7711454830000548,203.0,5000.0
23149,49,5000,2,0.1,0.04081632653061224,29,0.29,0.5918367346938775,42,0.084,0.8571428571428571,42,0.042,0.8571428571428571,43,0.0215,0.8775510204081632,45,0.009,0.9183673469387755,207.0,0.7410579290682103,4979.0,0.6849151151237635,C16,47,fixed_20,2729,250,10.324488850999842,221.0,4981.0
23149,49,5000,13,0.65,0.2653061224489796,31,0.31,0.6326530612244898,42,0.084,0.8571428571428571,42,0.042,0.8571428571428571,43,0.0215,0.8775510204081632,44,0.0088,0.8979591836734694,181.0,0.7421810877359714,,,C16,47,explore_10,2729,47,1.444607686000154,203.0,
23149,1462,5000,2,0.1,0.0013679890560875513,8,0.08,0.005471956224350205,31,0.062,0.021203830369357045,75,0.075,0.05129958960328317,139,0.0695,0.09507523939808482,308,0.0616,0.2106703146374829,,,,,C18,11,random,5553,0,0.017993230999991283,,
23149,1462,5000,6,0.3,0.004103967168262654,51,0.51,0.03488372093023256,222,0.444,0.1518467852257182,374,0.374,0.2558139534883721,555,0.2775,0.3796169630642955,873,0.1746,0.5971272229822161,,,,,C18,11,seed_similarity,5553,0,0.5590375809999841,,
23149,1462,5000,6,0.3,0.004103967168262654,53,0.53,0.03625170998632011,229,0.458,0.15663474692202461,368,0.368,0.25170998632010944,565,0.2825,0.38645690834473323,803,0.1606,0.5492476060191519,,,,,C18,11,frozen_svm,5553,1,0.3930467749999025,,
23149,1462,5000,13,0.65,0.008891928864569083,81,0.81,0.05540355677154583,282,0.564,0.19288645690834474,523,0.523,0.35772913816689467,917,0.4585,0.6272229822161423,1210,0.242,0.8276333789329685,2895.0,0.6249406021858396,,,C18,11,uncertainty,5553,47,6.426745770000025,3145.0,
23149,1462,5000,16,0.8,0.01094391244870041,83,0.83,0.05677154582763338,442,0.884,0.3023255813953488,850,0.85,0.5813953488372093,1293,0.6465,0.884404924760602,1432,0.2864,0.9794801641586868,1413.0,0.6889606462482181,2091.0,0.8096721240658344,C18,11,auto_tar,5553,47,5.153757804999941,1527.0,2317.0
23149,1462,5000,6,0.3,0.004103967168262654,82,0.82,0.0560875512995896,440,0.88,0.3009575923392613,854,0.854,0.5841313269493844,1307,0.6535,0.8939808481532148,1432,0.2864,0.9794801641586868,1383.0,0.6902565985571731,2078.0,0.8102337033997149,C18,11,fixed_20,5553,250,75.072183343,1401.0,2081.0
23149,1462,5000,16,0.8,0.01094391244870041,79,0.79,0.054035567715458276,410,0.82,0.280437756497948,791,0.791,0.5410396716826266,1258,0.629,0.8604651162790697,1429,0.2858,0.9774281805745554,1539.0,0.683517646550607,2262.0,0.8022851959047907,C18,11,explore_10,5553,47,7.116164245999926,1697.0,2317.0
23149,1462,5000,4,0.2,0.0027359781121751026,10,0.1,0.006839945280437756,43,0.086,0.029411764705882353,70,0.07,0.047879616963064295,126,0.063,0.08618331053351573,299,0.0598,0.20451436388508892,,,,,C18,29,random,24030,0,0.016499188999887338,,
23149,1462,5000,11,0.55,0.007523939808481532,45,0.45,0.030779753761969904,169,0.338,0.11559507523939809,272,0.272,0.18604651162790697,430,0.215,0.29411764705882354,766,0.1532,0.5239398084815321,,,,,C18,29,seed_similarity,24030,0,0.5793212040000526,,
23149,1462,5000,11,0.55,0.007523939808481532,35,0.35,0.023939808481532147,182,0.364,0.12448700410396717,323,0.323,0.22093023255813954,519,0.2595,0.35499316005471954,873,0.1746,0.5971272229822161,,,,,C18,29,frozen_svm,24030,1,0.3290199790001225,,
23149,1462,5000,11,0.55,0.007523939808481532,76,0.76,0.05198358413132695,295,0.59,0.20177838577291382,525,0.525,0.3590971272229822,920,0.46,0.6292749658002736,1191,0.2382,0.8146374829001368,3029.0,0.6191520152058404,,,C18,29,uncertainty,24030,47,7.044290887999978,3145.0,
23149,1462,5000,11,0.55,0.007523939808481532,85,0.85,0.05813953488372093,417,0.834,0.28522571819425446,844,0.844,0.5772913816689467,1285,0.6425,0.8789329685362517,1433,0.2866,0.9801641586867305,1390.0,0.6899542096850836,2129.0,0.8080305844744914,C18,29,auto_tar,24030,47,4.8192315939998025,1527.0,2317.0
23149,1462,5000,11,0.55,0.007523939808481532,74,0.74,0.0506155950752394,423,0.846,0.2893296853625171,850,0.85,0.5813953488372093,1300,0.65,0.8891928864569083,1432,0.2864,0.9794801641586868,1387.0,0.6900838049159791,2081.0,0.8101041081688194,C18,29,fixed_20,24030,250,78.48867355800007,1401.0,2081.0
23149,1462,5000,11,0.55,0.007523939808481532,81,0.81,0.05540355677154583,390,0.78,0.2667578659370725,795,0.795,0.5437756497948016,1267,0.6335,0.8666210670314638,1427,0.2854,0.9760601915184679,1541.0,0.6834312497300099,2318.0,0.7998660849280746,C18,29,explore_10,24030,47,4.759016580999969,1697.0,2567.0
23149,1462,5000,2,0.1,0.0013679890560875513,10,0.1,0.006839945280437756,36,0.072,0.024623803009575923,67,0.067,0.04582763337893297,147,0.0735,0.10054719562243503,347,0.0694,0.23734610123119015,,,,,C18,47,random,4529,0,0.01614216200005103,,
23149,1462,5000,16,0.8,0.01094391244870041,28,0.28,0.019151846785225718,55,0.11,0.03761969904240766,87,0.087,0.05950752393980848,155,0.0775,0.10601915184678523,374,0.0748,0.2558139534883721,,,,,C18,47,seed_similarity,4529,0,0.5363909800000783,,
23149,1462,5000,15,0.75,0.010259917920656635,30,0.3,0.02051983584131327,62,0.124,0.04240766073871409,117,0.117,0.08002735978112176,196,0.098,0.13406292749658003,431,0.0862,0.2948016415868673,,,,,C18,47,frozen_svm,4529,1,0.3214311550000275,,
23149,1462,5000,13,0.65,0.008891928864569083,51,0.51,0.03488372093023256,289,0.578,0.19767441860465115,519,0.519,0.35499316005471954,912,0.456,0.6238030095759234,1200,0.24,0.8207934336525308,3063.0,0.6176832692556914,,,C18,47,uncertainty,4529,47,4.156610218999958,3145.0,
23149,1462,5000,17,0.85,0.011627906976744186,67,0.67,0.04582763337893297,408,0.816,0.27906976744186046,845,0.845,0.5779753761969905,1295,0.6475,0.8857729138166894,1433,0.2866,0.9801641586867305,1422.0,0.6885718605555315,2085.0,0.8099313145276255,C18,47,auto_tar,4529,47,4.845363428000155,1527.0,2090.0
23149,1462,5000,15,0.75,0.010259917920656635,50,0.5,0.03419972640218878,398,0.796,0.2722298221614227,844,0.844,0.5772913816689467,1293,0.6465,0.884404924760602,1433,0.2866,0.9801641586867305,1414.0,0.6889174478379195,2070.0,0.8105792906821029,C18,47,fixed_20,4529,250,73.77611068500005,1421.0,2081.0
23149,1462,5000,17,0.85,0.011627906976744186,65,0.65,0.04445964432284542,387,0.774,0.2647058823529412,776,0.776,0.53077975376197,1277,0.6385,0.8734610123119015,1429,0.2858,0.9774281805745554,1503.0,0.685072789321353,2234.0,0.8034947513931487,C18,47,explore_10,4529,47,4.6477219880000575,1527.0,2317.0
23149,1133,5000,2,0.1,0.00176522506619594,11,0.11,0.009708737864077669,34,0.068,0.03000882612533098,61,0.061,0.05383936451897617,114,0.057,0.10061782877316858,279,0.0558,0.24624889673433362,,,,,GCRIM,11,random,6466,0,0.026491393000014796,,
23149,1133,5000,19,0.95,0.01676963812886143,86,0.86,0.07590467784642542,322,0.644,0.28420123565754635,503,0.503,0.4439541041482789,701,0.3505,0.6187113857016769,949,0.1898,0.8375992939099736,3466.0,0.6002743099053955,,,GCRIM,11,seed_similarity,6466,0,0.5605600660001073,3479.0,
23149,1133,5000,19,0.95,0.01676963812886143,85,0.85,0.07502206531332745,311,0.622,0.2744924977934687,491,0.491,0.4333627537511033,702,0.351,0.6195939982347749,962,0.1924,0.8490732568402471,3277.0,0.6084388094518122,,,GCRIM,11,frozen_svm,6466,1,0.48671006499989744,3479.0,
23149,1133,5000,17,0.85,0.01500441306266549,90,0.9,0.0794351279788173,285,0.57,0.25154457193292146,484,0.484,0.42718446601941745,711,0.3555,0.6275375110326566,849,0.1698,0.7493380406001765,,,,,GCRIM,11,uncertainty,6466,47,4.473864749000086,,
23149,1133,5000,18,0.9,0.01588702559576346,94,0.94,0.08296557811120918,457,0.914,0.40335392762577227,832,0.832,0.7343336275375111,1037,0.5185,0.9152691968225949,1099,0.2198,0.969991173874669,1039.0,0.7051168516998575,1728.0,0.8253531470041903,GCRIM,11,auto_tar,6466,47,4.751983739000025,1106.0,1884.0
23149,1133,5000,19,0.95,0.01676963812886143,94,0.94,0.08296557811120918,461,0.922,0.40688437775816416,848,0.848,0.7484554280670785,1041,0.5205,0.9187996469549867,1097,0.2194,0.9682259488084731,1003.0,0.7066719944706035,1659.0,0.8283338373147868,GCRIM,11,fixed_20,6466,250,55.886069991999875,1021.0,1661.0
23149,1133,5000,18,0.9,0.01588702559576346,91,0.91,0.08031774051191527,420,0.84,0.3706972639011474,784,0.784,0.6919682259488085,1025,0.5125,0.9046778464254193,1097,0.2194,0.9682259488084731,1116.0,0.7017905741068728,1912.0,0.8174046395092661,GCRIM,11,explore_10,6466,47,4.083265956000105,1233.0,2090.0
23149,1133,5000,1,0.05,0.00088261253309797,3,0.03,0.00264783759929391,27,0.054,0.02383053839364519,58,0.058,0.05119152691968226,103,0.0515,0.09090909090909091,256,0.0512,0.22594880847308033,,,,,GCRIM,29,random,24857,0,0.0168149399999038,,
23149,1133,5000,2,0.1,0.00176522506619594,3,0.03,0.00264783759929391,54,0.108,0.04766107678729038,108,0.108,0.09532215357458076,191,0.0955,0.16857899382171226,430,0.086,0.3795233892321271,,,,,GCRIM,29,seed_similarity,24857,0,0.6294902180000008,,
23149,1133,5000,2,0.1,0.00176522506619594,5,0.05,0.00441306266548985,61,0.122,0.05383936451897617,143,0.143,0.1262135922330097,287,0.1435,0.2533097969991174,624,0.1248,0.5507502206531333,,,,,GCRIM,29,frozen_svm,24857,1,0.34733413300000393,,
23149,1133,5000,7,0.35,0.00617828773168579,68,0.68,0.06001765225066196,289,0.578,0.25507502206531335,493,0.493,0.4351279788172992,718,0.359,0.6337157987643425,857,0.1714,0.7563989408649603,4699.0,0.5470106700073437,,,GCRIM,29,uncertainty,24857,47,3.961677007999924,5000.0,
23149,1133,5000,7,0.35,0.00617828773168579,73,0.73,0.06443071491615181,422,0.844,0.37246248896734335,818,0.818,0.7219770520741394,1043,0.5215,0.9205648720211828,1098,0.2196,0.9691085613415711,1046.0,0.7048144628277679,1726.0,0.8254395438247872,GCRIM,29,auto_tar,24857,47,4.141710477999823,1106.0,1884.0
23149,1133,5000,2,0.1,0.00176522506619594,56,0.56,0.04942630185348632,404,0.808,0.35657546337157986,811,0.811,0.7157987643424537,1042,0.521,0.9196822594880847,1097,0.2194,0.9682259488084731,1059.0,0.7042528834938875,1666.0,0.8280314484426974,GCRIM,29,fixed_20,24857,250,47.92995193499996,1061.0,1681.0
23149,1133,5000,7,0.35,0.00617828773168579,72,0.72,0.06354810238305383,392,0.784,0.34598411297440423,769,0.769,0.678729037952339,1035,0.5175,0.913503971756399,1096,0.2192,0.9673433362753752,1138.0,0.7008402090803059,1892.0,0.8182686077152361,GCRIM,29,explore_10,24857,47,3.481298982999988,1233.0,2090.0
23149,1133,5000,3,0.15,0.00264783759929391,7,0.07,0.00617828773168579,30,0.06,0.0264783759929391,43,0.043,0.03795233892321271,83,0.0415,0.07325684024713151,237,0.0474,0.2091791703442189,,,,,GCRIM,47,random,5200,0,0.01572279000015442,,
23149,1133,5000,20,1.0,0.0176522506619594,56,0.56,0.04942630185348632,215,0.43,0.18976169461606354,324,0.324,0.28596646072374227,450,0.225,0.3971756398940865,690,0.138,0.6090026478375993,,,,,GCRIM,47,seed_similarity,5200,0,0.4811319969999204,,
23149,1133,5000,20,1.0,0.0176522506619594,66,0.66,0.05825242718446602,248,0.496,0.21888790820829657,358,0.358,0.3159752868490733,505,0.2525,0.4457193292144748,726,0.1452,0.6407766990291263,,,,,GCRIM,47,frozen_svm,5200,1,0.3720560069998555,,
23149,1133,5000,14,0.7,0.01235657546337158,80,0.8,0.0706090026478376,291,0.582,0.25684024713150927,497,0.497,0.4386584289496911,720,0.36,0.6354810238305384,843,0.1686,0.7440423654015887,,,,,GCRIM,47,uncertainty,5200,47,6.097337677000041,,
23149,1133,5000,20,1.0,0.0176522506619594,78,0.78,0.06884377758164166,431,0.862,0.38040600176522504,829,0.829,0.7316857899382171,1038,0.519,0.9161518093556928,1099,0.2198,0.969991173874669,1032.0,0.7054192405719469,1758.0,0.8240571946952352,GCRIM,47,auto_tar,5200,47,5.253785967000113,1106.0,1884.0
23149,1133,5000,20,1.0,0.0176522506619594,70,0.7,0.0617828773168579,429,0.858,0.3786407766990291,822,0.822,0.7255075022065314,1044,0.522,0.9214474845542807,1097,0.2194,0.9682259488084731,1042.0,0.704987256468962,1633.0,0.8294569959825479,GCRIM,47,fixed_20,5200,250,47.31141102899983,1061.0,1641.0
23149,1133,5000,20,1.0,0.0176522506619594,75,0.75,0.06619593998234775,396,0.792,0.34951456310679613,778,0.778,0.6866725507502206,1034,0.517,0.912621359223301,1100,0.22,0.970873786407767,1125.0,0.7014017884141863,1840.0,0.8205149250507582,GCRIM,47,explore_10,5200,47,4.0368390240000736,1233.0,1884.0
